sub,init,list,word,ons_poa,coda_vc,coda_poa,vowel,vot,vdur
1,AR,1,pack,1,0,3,ae,,
1,AR,1,pup,1,0,1,uh,0.064,0.08
1,AR,1,cat,3,0,2,ae,0.115,0.143
1,AR,1,tup,2,0,1,uh,0.113,0.083
1,AR,1,cog,3,1,3,aw,0.103,0.16
1,AR,1,puck,1,0,3,uh,0.072,0.09
1,AR,1,pig,1,1,3,ih,0.101,0.112
1,AR,1,kick,3,0,3,ih,0.098,0.095
1,AR,1,tug,2,1,3,uh,0.127,0.15
1,AR,1,cub,3,1,1,uh,0.095,0.087
1,AR,1,tub,2,1,1,uh,0.089,0.131
1,AR,1,keg,3,1,3,eh,0.103,0.122
1,AR,1,tib,2,1,1,ih,0.129,0.099
1,AR,1,pat,1,0,2,ae,0.089,0.146
1,AR,1,top,2,0,1,aw,0.106,0.139
1,AR,1,cud,3,1,2,uh,0.099,0.117
1,AR,1,pap,1,0,1,ae,0.084,0.144
1,AR,1,tip,2,0,1,ih,0.092,0.069
1,AR,1,cod,3,1,2,aw,0.097,0.195
1,AR,1,pick,1,0,3,ih,0.059,0.061
1,AR,1,tot,2,0,2,aw,0.113,0.108
1,AR,1,pep,1,0,1,eh,0.07,0.066
1,AR,1,tat,2,0,2,ae,0.126,0.202
1,AR,1,cack,3,0,3,ae,0.077,0.156
1,AR,1,peg,1,1,3,eh,0.09,0.108
1,AR,1,tuck,2,0,3,uh,0.1,0.086
1,AR,1,pop,1,0,1,aw,0.087,0.11
1,AR,1,cup,3,0,1,uh,0.08,0.065
1,AR,1,tech,2,0,3,eh,0.101,0.107
1,AR,1,pad,1,1,2,ae,0.111,0.225
1,AR,1,putt,1,0,2,uh,0.071,0.09
1,AR,1,cut,3,0,2,uh,0.077,0.098
1,AR,1,todd,2,1,2,aw,0.131,0.288
1,AR,1,cot,3,0,2,aw,0.112,0.135
1,AR,1,talk,2,0,3,aw,0.14,0.142
1,AR,1,ted,2,1,2,eh,0.117,0.162
1,AR,1,tut,2,0,2,uh,0.123,0.118
1,AR,1,pug,1,1,3,uh,0.078,0.123
1,AR,1,pot,1,0,2,aw,0.091,0.141
1,AR,1,cop,3,0,1,aw,0.1,0.161
1,AR,1,pit,1,0,2,ih,0.081,0.095
1,AR,1,pod,1,1,2,aw,0.101,0.245
1,AR,1,kid,3,1,2,ih,0.07,0.114
1,AR,1,tog,2,1,3,aw,0.106,0.224
1,AR,1,tag,2,1,3,ae,0.091,0.199
1,AR,1,tack,2,0,3,ae,0.114,0.184
1,AR,1,cab,3,1,1,ae,0.113,0.242
1,AR,1,pock,1,0,3,aw,0.084,0.151
1,AR,1,tad,2,1,2,ae,0.102,0.228
1,AR,1,pub,1,1,1,uh,0.099,0.099
1,AR,1,kit,3,0,2,ih,0.085,0.12
1,AR,1,ped,1,1,2,eh,0.097,0.155
1,AR,1,cap,3,0,1,ae,0.087,0.121
1,AR,1,kip,3,0,1,ih,0.088,0.086
1,AR,1,peck,1,0,3,eh,0.073,0.093
1,AR,1,pet,1,0,2,eh,0.091,0.109
1,AR,1,tab,2,1,1,ae,0.129,0.185
1,AR,1,pog,1,1,3,aw,0.099,0.232
1,AR,1,tap,2,0,1,ae,0.094,0.134
1,AR,1,cad,3,1,2,ae,0.118,0.271
1,AR,1,cob,3,1,1,aw,0.088,0.177
1,AR,2,pack,1,0,3,ae,0.095,0.144
1,AR,2,pup,1,0,1,uh,0.065,0.081
1,AR,2,cat,3,0,2,ae,0.1,0.139
1,AR,2,tup,2,0,1,uh,0.088,0.104
1,AR,2,cog,3,1,3,aw,0.088,0.238
1,AR,2,puck,1,0,3,uh,0.065,0.093
1,AR,2,pig,1,1,3,ih,0.097,0.085
1,AR,2,kick,3,0,3,ih,0.089,0.073
1,AR,2,tug,2,1,3,uh,0.11,0.169
1,AR,2,cub,3,1,1,uh,0.09,0.115
1,AR,2,tub,2,1,1,uh,0.095,0.14
1,AR,2,keg,3,1,3,eh,0.091,0.137
1,AR,2,tib,2,1,1,ih,0.108,0.113
1,AR,2,pat,1,0,2,ae,0.083,0.169
1,AR,2,top,2,0,1,aw,0.093,0.144
1,AR,2,cud,3,1,2,uh,0.096,0.153
1,AR,2,pap,1,0,1,ae,0.071,0.119
1,AR,2,tip,2,0,1,ih,0.062,0.058
1,AR,2,cod,3,1,2,aw,0.079,0.208
1,AR,2,pick,1,0,3,ih,0.07,0.067
1,AR,2,tot,2,0,2,aw,0.101,0.134
1,AR,2,pep,1,0,1,eh,0.076,0.08
1,AR,2,tat,2,0,2,ae,0.098,0.142
1,AR,2,cack,3,0,3,ae,0.1,0.135
1,AR,2,peg,1,1,3,eh,0.089,0.092
1,AR,2,tuck,2,0,3,uh,0.084,0.093
1,AR,2,pop,1,0,1,aw,0.062,0.107
1,AR,2,cup,3,0,1,uh,0.076,0.064
1,AR,2,tech,2,0,3,eh,0.077,0.098
1,AR,2,pad,1,1,2,ae,0.09,0.161
1,AR,2,putt,1,0,2,uh,0.055,0.122
1,AR,2,cut,3,0,2,uh,0.065,0.073
1,AR,2,todd,2,1,2,aw,0.1,0.23
1,AR,2,cot,3,0,2,aw,0.094,0.112
1,AR,2,talk,2,0,3,aw,0.087,0.117
1,AR,2,ted,2,1,2,eh,0.108,0.127
1,AR,2,tut,2,0,2,uh,0.114,0.107
1,AR,2,pug,1,1,3,uh,0.066,0.102
1,AR,2,pot,1,0,2,aw,0.078,0.129
1,AR,2,cop,3,0,1,aw,0.074,0.126
1,AR,2,pit,1,0,2,ih,0.068,0.097
1,AR,2,pod,1,1,2,aw,0.076,0.226
1,AR,2,kid,3,1,2,ih,0.091,0.147
1,AR,2,tog,2,1,3,aw,0.099,0.158
1,AR,2,tag,2,1,3,ae,0.115,0.166
1,AR,2,tack,2,0,3,ae,0.09,0.104
1,AR,2,cab,3,1,1,ae,0.091,0.213
1,AR,2,pock,1,0,3,aw,0.085,0.145
1,AR,2,tad,2,1,2,ae,0.096,0.193
1,AR,2,pub,1,1,1,uh,0.111,0.093
1,AR,2,kit,3,0,2,ih,0.067,0.07
1,AR,2,ped,1,1,2,eh,0.102,0.135
1,AR,2,cap,3,0,1,ae,0.1,0.133
1,AR,2,kip,3,0,1,ih,0.07,0.058
1,AR,2,peck,1,0,3,eh,0.077,0.078
1,AR,2,pet,1,0,2,eh,0.064,0.086
1,AR,2,tab,2,1,1,ae,0.109,0.169
1,AR,2,pog,1,1,3,aw,0.085,0.206
1,AR,2,tap,2,0,1,ae,0.09,0.109
1,AR,2,cad,3,1,2,ae,0.102,0.217
1,AR,2,cob,3,1,1,aw,0.111,0.156
2,DE,1,pack,1,0,3,ae,0.063,0.143
2,DE,1,pup,1,0,1,uh,0.048,0.077
2,DE,1,cat,3,0,2,ae,0.074,0.126
2,DE,1,tup,2,0,1,uh,0.079,0.09
2,DE,1,cog,3,1,3,aw,0.071,0.159
2,DE,1,puck,1,0,3,uh,0.078,0.066
2,DE,1,pig,1,1,3,ih,0.052,0.116
2,DE,1,kick,3,0,3,ih,0.062,0.104
2,DE,1,tug,2,1,3,uh,0.079,0.131
2,DE,1,cub,3,1,1,uh,0.089,0.119
2,DE,1,tub,2,1,1,uh,0.08,0.13
2,DE,1,keg,3,1,3,eh,0.065,0.152
2,DE,1,tib,2,1,1,ih,0.061,0.115
2,DE,1,pat,1,0,2,ae,0.078,0.122
2,DE,1,top,2,0,1,aw,0.084,0.126
2,DE,1,cud,3,1,2,uh,0.077,0.137
2,DE,1,pap,1,0,1,ae,0.088,0.149
2,DE,1,tip,2,0,1,ih,0.048,0.104
2,DE,1,cod,3,1,2,aw,,
2,DE,1,pick,1,0,3,ih,0.043,0.099
2,DE,1,tot,2,0,2,aw,0.053,0.143
2,DE,1,pep,1,0,1,eh,0.072,0.086
2,DE,1,tat,2,0,2,ae,0.066,0.14
2,DE,1,cack,3,0,3,ae,0.05,0.154
2,DE,1,peg,1,1,3,eh,0.084,0.134
2,DE,1,tuck,2,0,3,uh,0.041,0.11
2,DE,1,pop,1,0,1,aw,0.058,0.139
2,DE,1,cup,3,0,1,uh,0.077,0.089
2,DE,1,tech,2,0,3,eh,0.055,0.11
2,DE,1,pad,1,1,2,ae,0.072,0.158
2,DE,1,putt,1,0,2,uh,0.059,0.1
2,DE,1,cut,3,0,2,uh,0.092,0.111
2,DE,1,Todd,2,1,2,aw,0.07,0.145
2,DE,1,cot,3,0,2,aw,0.116,0.121
2,DE,1,talk,2,0,3,aw,0.085,0.13
2,DE,1,Ted,2,1,2,eh,0.076,0.133
2,DE,1,tut,2,0,2,uh,0.089,0.1
2,DE,1,pug,1,1,3,uh,0.059,0.111
2,DE,1,pot,1,0,2,aw,0.058,0.113
2,DE,1,cop,3,0,1,aw,0.077,0.133
2,DE,1,pit,1,0,2,ih,0.048,0.104
2,DE,1,pod,1,1,2,aw,0.054,0.178
2,DE,1,kid,3,1,2,ih,0.067,0.129
2,DE,1,tog,2,1,3,aw,0.048,0.193
2,DE,1,tag,2,1,3,ae,0.058,0.192
2,DE,1,tack,2,0,3,ae,0.064,0.132
2,DE,1,cab,3,1,1,ae,0.06,0.154
2,DE,1,pock,1,0,3,aw,0.084,0.143
2,DE,1,tad,2,1,2,ae,0.075,0.179
2,DE,1,pub,1,1,1,uh,0.065,0.094
2,DE,1,kit,3,0,2,ih,0.065,0.103
2,DE,1,ped,1,1,2,eh,0.082,0.116
2,DE,1,cap,3,0,1,ae,0.069,0.138
2,DE,1,kip,3,0,1,ih,0.086,0.076
2,DE,1,peck,1,0,3,eh,0.06,0.1
2,DE,1,pet,1,0,2,eh,0.044,0.112
2,DE,1,tab,2,1,1,ae,0.034,0.157
2,DE,1,pog,1,1,3,aw,0.067,0.156
2,DE,1,tap,2,0,1,ae,0.078,0.137
2,DE,1,cad,3,1,2,ae,0.096,0.173
2,DE,1,cob,3,1,1,aw,0.093,0.144
2,DE,2,pack,1,0,3,ae,0.072,0.131
2,DE,2,pup,1,0,1,uh,0.06,0.1
2,DE,2,cat,3,0,2,ae,0.071,0.128
2,DE,2,tup,2,0,1,uh,0.079,0.088
2,DE,2,cog,3,1,3,aw,0.061,0.16
2,DE,2,puck,1,0,3,uh,0.077,0.092
2,DE,2,pig,1,1,3,ih,0.045,0.124
2,DE,2,kick,3,0,3,ih,0.079,0.088
2,DE,2,tug,2,1,3,uh,0.052,0.141
2,DE,2,cub,3,1,1,uh,0.088,0.127
2,DE,2,tub,2,1,1,uh,0.077,0.125
2,DE,2,keg,3,1,3,eh,0.054,0.151
2,DE,2,tib,2,1,1,ih,0.053,0.125
2,DE,2,pat,1,0,2,ae,0.07,0.154
2,DE,2,top,2,0,1,aw,0.084,0.14
2,DE,2,cud,3,1,2,uh,0.094,0.134
2,DE,2,pap,1,0,1,ae,0.083,0.145
2,DE,2,tip,2,0,1,ih,0.083,0.087
2,DE,2,cod,3,1,2,aw,0.071,0.213
2,DE,2,pick,1,0,3,ih,0.047,0.111
2,DE,2,tot,2,0,2,aw,0.086,0.147
2,DE,2,pep,1,0,1,eh,0.07,0.102
2,DE,2,tat,2,0,2,ae,0.061,0.158
2,DE,2,cack,3,0,3,ae,0.066,0.165
2,DE,2,peg,1,1,3,eh,0.081,0.121
2,DE,2,tuck,2,0,3,uh,0.072,0.107
2,DE,2,pop,1,0,1,aw,0.059,0.14
2,DE,2,cup,3,0,1,uh,0.081,0.092
2,DE,2,tech,2,0,3,eh,0.1,0.09
2,DE,2,pad,1,1,2,ae,0.069,0.182
2,DE,2,putt,1,0,2,uh,0.054,0.091
2,DE,2,cut,3,0,2,uh,0.089,0.094
2,DE,2,todd,2,1,2,aw,0.067,0.194
2,DE,2,cot,3,0,2,aw,0.072,0.118
2,DE,2,talk,2,0,3,aw,0.074,0.136
2,DE,2,ted,2,1,2,eh,0.051,0.147
2,DE,2,tut,2,0,2,uh,0.046,0.121
2,DE,2,pug,1,1,3,uh,0.034,0.127
2,DE,2,pot,1,0,2,aw,0.073,0.119
2,DE,2,cop,3,0,1,aw,0.078,0.115
2,DE,2,pit,1,0,2,ih,0.063,0.075
2,DE,2,pod,1,1,2,aw,0.065,0.179
2,DE,2,kid,3,1,2,ih,0.09,0.122
2,DE,2,tog,2,1,3,aw,0.096,0.17
2,DE,2,tag,2,1,3,ae,0.076,0.175
2,DE,2,tack,2,0,3,ae,0.091,0.126
2,DE,2,cab,3,1,1,ae,0.085,0.176
2,DE,2,pock,1,0,3,aw,0.092,0.137
2,DE,2,tad,2,1,2,ae,0.086,0.164
2,DE,2,pub,1,1,1,uh,0.066,0.117
2,DE,2,kit,3,0,2,ih,0.079,0.097
2,DE,2,ped,1,1,2,eh,0.069,0.134
2,DE,2,cap,3,0,1,ae,0.075,0.148
2,DE,2,kip,3,0,1,ih,0.089,0.082
2,DE,2,peck,1,0,3,eh,0.044,0.107
2,DE,2,pet,1,0,2,eh,0.089,0.081
2,DE,2,tab,2,1,1,ae,0.065,0.168
2,DE,2,pog,1,1,3,aw,0.064,0.167
2,DE,2,tap,2,0,1,ae,0.076,0.144
2,DE,2,cad,3,1,2,ae,0.1,0.184
2,DE,2,cob,3,1,1,aw,0.082,0.156
3,CN,2,pack,1,0,3,ae,0.065,0.184
3,CN,2,pup,1,0,1,uh,0.064,0.096
3,CN,2,cat,3,0,2,ae,0.112,0.175
3,CN,2,tup,2,0,1,uh,0.065,0.112
3,CN,2,cog,3,1,3,aw,0.111,0.202
3,CN,2,puck,1,0,3,uh,0.078,0.111
3,CN,2,pig,1,1,3,ih,0.121,0.139
3,CN,2,kick,3,0,3,ih,0.078,0.081
3,CN,2,tug,2,1,3,uh,0.107,0.144
3,CN,2,cub,3,1,1,uh,0.121,0.142
3,CN,2,tub,2,1,1,uh,0.112,0.14
3,CN,2,keg,3,1,3,eh,0.134,0.128
3,CN,2,tib,2,1,1,ih,0.087,0.131
3,CN,2,pat,1,0,2,ae,0.085,0.17
3,CN,2,top,2,0,1,aw,0.106,0.146
3,CN,2,cud,3,1,2,uh,0.1,0.154
3,CN,2,pap,1,0,1,ae,0.118,0.159
3,CN,2,tip,2,0,1,ih,0.085,0.081
3,CN,2,cod,3,1,2,aw,0.112,0.217
3,CN,2,pick,1,0,3,ih,0.057,0.109
3,CN,2,tot,2,0,2,aw,0.092,0.168
3,CN,2,pep,1,0,1,eh,0.065,0.098
3,CN,2,tat,2,0,2,ae,0.123,0.144
3,CN,2,cack,3,0,3,ae,0.086,0.161
3,CN,2,peg,1,1,3,eh,0.112,0.141
3,CN,2,tuck,2,0,3,uh,0.078,0.089
3,CN,2,pop,1,0,1,aw,0.089,0.151
3,CN,2,cup,3,0,1,uh,0.082,0.095
3,CN,2,tech,2,0,3,eh,0.077,0.087
3,CN,2,pad,1,1,2,ae,0.103,0.205
3,CN,2,putt,1,0,2,uh,0.078,0.1
3,CN,2,cut,3,0,2,uh,0.081,0.098
3,CN,2,Todd,2,1,2,aw,0.112,0.195
3,CN,2,cot,3,0,2,aw,0.103,0.17
3,CN,2,talk,2,0,3,aw,0.093,0.146
3,CN,2,Ted,2,1,2,eh,0.1,0.146
3,CN,2,tut,2,0,2,uh,0.069,0.108
3,CN,2,pug,1,1,3,uh,0.128,0.151
3,CN,2,pot,1,0,2,aw,0.111,0.157
3,CN,2,cop,3,0,1,aw,0.12,0.141
3,CN,2,pit,1,0,2,ih,0.09,0.085
3,CN,2,pod,1,1,2,aw,0.1,0.23
3,CN,2,kid,3,1,2,ih,0.118,0.143
3,CN,2,tog,2,1,3,aw,0.114,0.21
3,CN,2,tag,2,1,3,ae,0.09,0.228
3,CN,2,tack,2,0,3,ae,0.084,0.154
3,CN,2,cab,3,1,1,ae,0.133,0.206
3,CN,2,pock,1,0,3,aw,0.1,0.141
3,CN,2,tad,2,1,2,ae,0.128,0.213
3,CN,2,pub,1,1,1,uh,0.124,0.138
3,CN,2,kit,3,0,2,ih,0.097,0.103
3,CN,2,ped,1,1,2,eh,0.108,0.148
3,CN,2,cap,3,0,1,ae,0.084,0.177
3,CN,2,kip,3,0,1,ih,0.093,0.089
3,CN,2,peck,1,0,3,eh,0.099,0.097
3,CN,2,pet,1,0,2,eh,0.078,0.106
3,CN,2,tab,2,1,1,ae,0.146,0.185
3,CN,2,pog,1,1,3,aw,0.114,0.211
3,CN,2,tap,2,0,1,ae,0.1,0.154
3,CN,2,cad,3,1,2,ae,0.09,0.214
3,CN,2,cob,3,1,1,aw,0.102,0.235
3,CN,1,pack,1,0,3,ae,0.083,0.158
3,CN,1,pup,1,0,1,uh,0.057,0.081
3,CN,1,cat,3,0,2,ae,0.086,0.184
3,CN,1,tup,2,0,1,uh,0.062,0.103
3,CN,1,cog,3,1,3,aw,0.096,0.206
3,CN,1,puck,1,0,3,uh,0.063,0.132
3,CN,1,pig,1,1,3,ih,0.101,0.138
3,CN,1,kick,3,0,3,ih,0.066,0.103
3,CN,1,tug,2,1,3,uh,0.084,0.155
3,CN,1,cub,3,1,1,uh,0.104,0.151
3,CN,1,tub,2,1,1,uh,0.109,0.143
3,CN,1,keg,3,1,3,eh,0.128,0.136
3,CN,1,tib,2,1,1,ih,0.084,0.126
3,CN,1,pat,1,0,2,ae,0.117,0.171
3,CN,1,top,2,0,1,aw,0.104,0.165
3,CN,1,cud,3,1,2,uh,0.095,0.159
3,CN,1,pap,1,0,1,ae,0.11,0.146
3,CN,1,tip,2,0,1,ih,0.073,0.091
3,CN,1,cod,3,1,2,aw,0.105,0.222
3,CN,1,pick,1,0,3,ih,0.059,0.098
3,CN,1,tot,2,0,2,aw,0.099,0.185
3,CN,1,pep,1,0,1,eh,0.074,0.082
3,CN,1,tat,2,0,2,ae,0.116,0.148
3,CN,1,cack,3,0,3,ae,0.095,
3,CN,1,peg,1,1,3,eh,0.101,0.142
3,CN,1,tuck,2,0,3,uh,0.073,0.105
3,CN,1,pop,1,0,1,aw,0.094,0.144
3,CN,1,cup,3,0,1,uh,0.088,0.098
3,CN,1,tech,2,0,3,eh,0.085,0.074
3,CN,1,pad,1,1,2,ae,0.096,0.214
3,CN,1,putt,1,0,2,uh,0.072,0.126
3,CN,1,cut,3,0,2,uh,0.079,0.12
3,CN,1,Todd,2,1,2,aw,0.117,0.179
3,CN,1,cot,3,0,2,aw,0.092,0.185
3,CN,1,talk,2,0,3,aw,0.098,0.16
3,CN,1,Ted,2,1,2,eh,0.085,0.168
3,CN,1,tut,2,0,2,uh,0.031,0.135
3,CN,1,pug,1,1,3,uh,0.128,0.216
3,CN,1,pot,1,0,2,aw,0.105,0.163
3,CN,1,cop,3,0,1,aw,0.099,0.149
3,CN,1,pit,1,0,2,ih,0.103,0.078
3,CN,1,pod,1,1,2,aw,0.124,0.207
3,CN,1,kid,3,1,2,ih,0.174,0.147
3,CN,1,tog,2,1,3,aw,0.103,0.205
3,CN,1,tag,2,1,3,ae,0.068,0.236
3,CN,1,tack,2,0,3,ae,0.057,0.194
3,CN,1,cab,3,1,1,ae,0.117,0.215
3,CN,1,pock,1,0,3,aw,0.098,0.137
3,CN,1,tad,2,1,2,ae,0.101,0.225
3,CN,1,pub,1,1,1,uh,0.104,0.142
3,CN,1,kit,3,0,2,ih,0.098,0.102
3,CN,1,ped,1,1,2,eh,0.085,0.158
3,CN,1,cap,3,0,1,ae,0.07,0.167
3,CN,1,kip,3,0,1,ih,0.099,0.097
3,CN,1,peck,1,0,3,eh,0.104,0.109
3,CN,1,pet,1,0,2,eh,0.092,0.11
3,CN,1,tab,2,1,1,ae,0.142,0.198
3,CN,1,pog,1,1,3,aw,0.11,0.224
3,CN,1,tap,2,0,1,ae,0.083,0.164
3,CN,1,cad,3,1,2,ae,0.07,0.236
3,CN,1,cob,3,1,1,aw,0.112,0.248
4,SP,1,pack,1,0,3,ae,0.057,0.122
4,SP,1,pup,1,0,1,uh,0.044,0.088
4,SP,1,cat,3,0,2,ae,0.077,0.134
4,SP,1,tup,2,0,1,uh,0.053,0.097
4,SP,1,cog,3,1,3,aw,0.12,0.187
4,SP,1,puck,1,0,3,uh,0.044,0.095
4,SP,1,pig,1,1,3,ih,0.066,0.133
4,SP,1,kick,3,0,3,ih,0.06,0.081
4,SP,1,tug,2,1,3,uh,0.081,0.134
4,SP,1,cub,3,1,1,uh,0.119,0.167
4,SP,1,tub,2,1,1,uh,0.096,0.175
4,SP,1,keg,3,1,3,eh,0.093,0.15
4,SP,1,tib,2,1,1,ih,0.07,0.163
4,SP,1,pat,1,0,2,ae,,
4,SP,1,top,2,0,1,aw,0.077,0.148
4,SP,1,cud,3,1,2,uh,0.073,0.137
4,SP,1,pap,1,0,1,ae,0.052,0.149
4,SP,1,tip,2,0,1,ih,0.048,0.095
4,SP,1,cod,3,1,2,aw,0.08,0.198
4,SP,1,pick,1,0,3,ih,0.043,0.077
4,SP,1,tot,2,0,2,aw,0.067,0.157
4,SP,1,pep,1,0,1,eh,0.05,0.092
4,SP,1,tat,2,0,2,ae,0.078,0.157
4,SP,1,cack,3,0,3,ae,0.085,0.15
4,SP,1,peg,1,1,3,eh,0.075,0.118
4,SP,1,tuck,2,0,3,uh,0.089,0.082
4,SP,1,pop,1,0,1,aw,0.069,0.132
4,SP,1,cup,3,0,1,uh,0.045,0.096
4,SP,1,tech,2,0,3,eh,0.057,0.114
4,SP,1,pad,1,1,2,ae,0.091,0.221
4,SP,1,putt,1,0,2,uh,0.026,0.121
4,SP,1,cut,3,0,2,uh,0.052,0.106
4,SP,1,todd,2,1,2,aw,0.126,0.221
4,SP,1,cot,3,0,2,aw,0.098,0.124
4,SP,1,talk,2,0,3,aw,0.083,0.124
4,SP,1,ted,2,1,2,eh,0.09,0.159
4,SP,1,tut,2,0,2,uh,0.037,0.115
4,SP,1,pug,1,1,3,uh,0.061,0.158
4,SP,1,pot,1,0,2,aw,0.086,0.14
4,SP,1,cop,3,0,1,aw,0.082,0.137
4,SP,1,pit,1,0,2,ih,0.077,0.078
4,SP,1,pod,1,1,2,aw,0.125,0.217
4,SP,1,kid,3,1,2,ih,0.084,0.119
4,SP,1,tog,2,1,3,aw,0.104,0.212
4,SP,1,tag,2,1,3,ae,0.126,0.224
4,SP,1,tack,2,0,3,ae,0.053,0.144
4,SP,1,cab,3,1,1,ae,0.074,0.235
4,SP,1,pock,1,0,3,aw,0.073,0.088
4,SP,1,tad,2,1,2,ae,0.114,0.222
4,SP,1,pub,1,1,1,uh,0.083,0.146
4,SP,1,kit,3,0,2,ih,0.063,0.097
4,SP,1,ped,1,1,2,eh,0.085,0.133
4,SP,1,cap,3,0,1,ae,0.075,0.136
4,SP,1,kip,3,0,1,ih,0.05,0.077
4,SP,1,peck,1,0,3,eh,0.041,0.094
4,SP,1,pet,1,0,2,eh,0.048,0.085
4,SP,1,tab,2,1,1,ae,0.073,0.198
4,SP,1,pog,1,1,3,aw,0.1,0.156
4,SP,1,tap,2,0,1,ae,0.064,0.132
4,SP,1,cad,3,1,2,ae,0.092,0.205
4,SP,1,cob,3,1,1,aw,0.092,0.192
4,SP,2,pack,1,0,3,ae,0.058,0.131
4,SP,2,pup,1,0,1,uh,0.03,0.099
4,SP,2,cat,3,0,2,ae,0.05,0.146
4,SP,2,tup,2,0,1,uh,0.049,0.101
4,SP,2,cog,3,1,3,aw,0.116,0.177
4,SP,2,puck,1,0,3,uh,0.034,0.081
4,SP,2,pig,1,1,3,ih,0.052,0.143
4,SP,2,kick,3,0,3,ih,0.06,0.078
4,SP,2,tug,2,1,3,uh,0.086,0.128
4,SP,2,cub,3,1,1,uh,0.109,0.132
4,SP,2,tub,2,1,1,uh,0.087,0.153
4,SP,2,keg,3,1,3,eh,0.077,0.138
4,SP,2,tib,2,1,1,ih,0.063,0.134
4,SP,2,pat,1,0,2,ae,0.064,0.146
4,SP,2,top,2,0,1,aw,0.067,0.138
4,SP,2,cud,3,1,2,uh,0.089,0.153
4,SP,2,pap,1,0,1,ae,0.059,0.148
4,SP,2,tip,2,0,1,ih,0.042,0.09
4,SP,2,cod,3,1,2,aw,0.135,0.22
4,SP,2,pick,1,0,3,ih,0.024,0.109
4,SP,2,tot,2,0,2,aw,0.056,0.159
4,SP,2,pep,1,0,1,eh,0.048,0.093
4,SP,2,tat,2,0,2,ae,0.071,0.138
4,SP,2,cack,3,0,3,ae,0.092,0.164
4,SP,2,peg,1,1,3,eh,0.103,0.123
4,SP,2,tuck,2,0,3,uh,0.042,0.085
4,SP,2,pop,1,0,1,aw,0.093,0.121
4,SP,2,cup,3,0,1,uh,0.079,0.082
4,SP,2,tech,2,0,3,eh,0.084,0.116
4,SP,2,pad,1,1,2,ae,0.114,0.212
4,SP,2,putt,1,0,2,uh,,
4,SP,2,cut,3,0,2,uh,0.081,0.096
4,SP,2,todd,2,1,2,aw,0.129,0.212
4,SP,2,cot,3,0,2,aw,0.113,0.123
4,SP,2,talk,2,0,3,aw,0.14,0.144
4,SP,2,ted,2,1,2,eh,0.141,0.151
4,SP,2,tut,2,0,2,uh,0.059,0.1
4,SP,2,pug,1,1,3,uh,0.119,0.143
4,SP,2,pot,1,0,2,aw,0.1,0.092
4,SP,2,cop,3,0,1,aw,0.099,0.123
4,SP,2,pit,1,0,2,ih,0.047,0.09
4,SP,2,pod,1,1,2,aw,0.143,0.222
4,SP,2,kid,3,1,2,ih,0.114,0.123
4,SP,2,tog,2,1,3,aw,0.162,0.191
4,SP,2,tag,2,1,3,ae,0.153,0.246
4,SP,2,tack,2,0,3,ae,0.074,0.105
4,SP,2,cab,3,1,1,ae,0.123,0.252
4,SP,2,pock,1,0,3,aw,0.106,0.139
4,SP,2,tad,2,1,2,ae,0.107,0.21
4,SP,2,pub,1,1,1,uh,0.107,0.125
4,SP,2,kit,3,0,2,ih,0.099,0.078
4,SP,2,ped,1,1,2,eh,0.125,0.128
4,SP,2,cap,3,0,1,ae,0.09,0.138
4,SP,2,kip,3,0,1,ih,0.078,0.07
4,SP,2,peck,1,0,3,eh,,
4,SP,2,pet,1,0,2,eh,0.045,0.088
4,SP,2,tab,2,1,1,ae,0.109,0.208
4,SP,2,pog,1,1,3,aw,0.106,0.175
4,SP,2,tap,2,0,1,ae,0.117,0.144
4,SP,2,cad,3,1,2,ae,0.116,0.196
4,SP,2,cob,3,1,1,aw,0.15,0.203
5,JE,1,pack,1,0,3,ae,0.081,0.134
5,JE,1,pup,1,0,1,uh,0.075,0.073
5,JE,1,cat,3,0,2,ae,0.09,0.151
5,JE,1,tup,2,0,1,uh,0.085,0.066
5,JE,1,cog,3,1,3,aw,0.103,0.153
5,JE,1,puck,1,0,3,uh,0.084,0.081
5,JE,1,pig,1,1,3,ih,0.083,0.102
5,JE,1,kick,3,0,3,ih,0.082,0.077
5,JE,1,tug,2,1,3,uh,0.099,0.112
5,JE,1,cub,3,1,1,uh,0.101,0.116
5,JE,1,tub,2,1,1,uh,0.093,0.11
5,JE,1,keg,3,1,3,eh,0.104,0.145
5,JE,1,tib,2,1,1,ih,0.101,0.124
5,JE,1,pat,1,0,2,ae,0.116,0.132
5,JE,1,top,2,0,1,aw,0.098,0.139
5,JE,1,cud,3,1,2,uh,0.089,0.124
5,JE,1,pap,1,0,1,ae,0.085,0.143
5,JE,1,tip,2,0,1,ih,0.081,0.072
5,JE,1,cod,3,1,2,aw,0.092,0.191
5,JE,1,pick,1,0,3,ih,0.08,0.065
5,JE,1,tot,2,0,2,aw,0.089,0.139
5,JE,1,pep,1,0,1,eh,0.085,0.088
5,JE,1,tat,2,0,2,ae,0.095,0.135
5,JE,1,cack,3,0,3,ae,0.104,0.15
5,JE,1,peg,1,1,3,eh,0.079,0.128
5,JE,1,tuck,2,0,3,uh,0.077,0.087
5,JE,1,pop,1,0,1,aw,0.084,0.146
5,JE,1,cup,3,0,1,uh,0.082,0.095
5,JE,1,tech,2,0,3,eh,0.083,0.086
5,JE,1,pad,1,1,2,ae,0.1,0.169
5,JE,1,putt,1,0,2,uh,0.093,0.085
5,JE,1,cut,3,0,2,uh,0.117,0.102
5,JE,1,todd,2,1,2,aw,0.091,0.179
5,JE,1,cot,3,0,2,aw,0.105,0.146
5,JE,1,talk,2,0,3,aw,0.093,0.131
5,JE,1,ted,2,1,2,eh,0.096,0.126
5,JE,1,tut,2,0,2,uh,0.088,0.099
5,JE,1,pug,1,1,3,uh,0.083,0.112
5,JE,1,pot,1,0,2,aw,0.105,0.149
5,JE,1,cop,3,0,1,aw,0.103,0.151
5,JE,1,pit,1,0,2,ih,0.081,0.09
5,JE,1,pod,1,1,2,aw,0.105,0.188
5,JE,1,kid,3,1,2,ih,0.095,0.12
5,JE,1,tog,2,1,3,aw,0.094,0.185
5,JE,1,tag,2,1,3,ae,0.092,0.204
5,JE,1,tack,2,0,3,ae,0.101,0.149
5,JE,1,cab,3,1,1,ae,0.093,0.195
5,JE,1,pock,1,0,3,aw,0.08,0.143
5,JE,1,tad,2,1,2,ae,0.109,0.204
5,JE,1,pub,1,1,1,uh,0.111,0.131
5,JE,1,kit,3,0,2,ih,0.089,0.084
5,JE,1,ped,1,1,2,eh,0.096,0.136
5,JE,1,cap,3,0,1,ae,0.1,0.156
5,JE,1,kip,3,0,1,ih,0.09,0.086
5,JE,1,peck,1,0,3,eh,0.086,0.08
5,JE,1,pet,1,0,2,eh,0.097,0.103
5,JE,1,tab,2,1,1,ae,0.106,0.192
5,JE,1,pog,1,1,3,aw,0.097,0.187
5,JE,1,tap,2,0,1,ae,0.102,0.158
5,JE,1,cad,3,1,2,ae,0.088,0.206
5,JE,1,cob,3,1,1,aw,0.101,0.183
5,JE,2,pack,1,0,3,ae,0.07,0.145
5,JE,2,pup,1,0,1,uh,0.08,0.081
5,JE,2,cat,3,0,2,ae,0.08,0.163
5,JE,2,tup,2,0,1,uh,0.085,0.088
5,JE,2,cog,3,1,3,aw,0.083,0.159
5,JE,2,puck,1,0,3,uh,0.074,0.09
5,JE,2,pig,1,1,3,ih,0.072,0.118
5,JE,2,kick,3,0,3,ih,0.1,0.085
5,JE,2,tug,2,1,3,uh,0.096,0.116
5,JE,2,cub,3,1,1,uh,0.08,0.118
5,JE,2,tub,2,1,1,uh,0.086,0.116
5,JE,2,keg,3,1,3,eh,0.093,0.136
5,JE,2,tib,2,1,1,ih,0.1,0.109
5,JE,2,pat,1,0,2,ae,0.091,0.168
5,JE,2,top,2,0,1,aw,0.089,0.144
5,JE,2,cud,3,1,2,uh,0.087,0.114
5,JE,2,pap,1,0,1,ae,0.08,0.155
5,JE,2,tip,2,0,1,ih,0.096,0.079
5,JE,2,cod,3,1,2,aw,0.096,0.172
5,JE,2,pick,1,0,3,ih,0.086,0.063
5,JE,2,tot,2,0,2,aw,0.091,0.15
5,JE,2,pep,1,0,1,eh,0.07,0.098
5,JE,2,tat,2,0,2,ae,0.077,0.154
5,JE,2,cack,3,0,3,ae,0.099,0.157
5,JE,2,peg,1,1,3,eh,0.077,0.152
5,JE,2,tuck,2,0,3,uh,0.081,0.079
5,JE,2,pop,1,0,1,aw,0.096,0.143
5,JE,2,cup,3,0,1,uh,0.102,0.088
5,JE,2,tech,2,0,3,eh,0.076,0.092
5,JE,2,pad,1,1,2,ae,0.097,0.205
5,JE,2,putt,1,0,2,uh,0.081,0.098
5,JE,2,cut,3,0,2,uh,0.155,0.108
5,JE,2,todd,2,1,2,aw,0.085,0.17
5,JE,2,cot,3,0,2,aw,0.094,0.146
5,JE,2,talk,2,0,3,aw,0.084,0.117
5,JE,2,ted,2,1,2,eh,0.081,0.117
5,JE,2,tut,2,0,2,uh,0.095,0.091
5,JE,2,pug,1,1,3,uh,0.096,0.115
5,JE,2,pot,1,0,2,aw,0.102,0.159
5,JE,2,cop,3,0,1,aw,0.108,0.137
5,JE,2,pit,1,0,2,ih,0.094,0.085
5,JE,2,pod,1,1,2,aw,0.095,0.198
5,JE,2,kid,3,1,2,ih,0.084,0.117
5,JE,2,tog,2,1,3,aw,0.096,0.173
5,JE,2,tag,2,1,3,ae,0.094,0.189
5,JE,2,tack,2,0,3,ae,0.094,0.164
5,JE,2,cab,3,1,1,ae,0.102,0.195
5,JE,2,pock,1,0,3,aw,0.086,0.138
5,JE,2,tad,2,1,2,ae,0.097,0.226
5,JE,2,pub,1,1,1,uh,0.088,0.126
5,JE,2,kit,3,0,2,ih,0.075,0.076
5,JE,2,ped,1,1,2,eh,0.093,0.128
5,JE,2,cap,3,0,1,ae,0.074,0.166
5,JE,2,kip,3,0,1,ih,0.081,0.081
5,JE,2,peck,1,0,3,eh,0.091,0.088
5,JE,2,pet,1,0,2,eh,0.094,0.093
5,JE,2,tab,2,1,1,ae,0.097,0.202
5,JE,2,pog,1,1,3,aw,0.078,0.191
5,JE,2,tap,2,0,1,ae,0.098,0.146
5,JE,2,cad,3,1,2,ae,0.093,0.196
5,JE,2,cob,3,1,1,aw,0.096,0.178
6,AF,1,pack,1,0,3,ae,0.05,0.139
6,AF,1,pup,1,0,1,uh,0.044,0.091
6,AF,1,cat,3,0,2,ae,0.064,0.148
6,AF,1,tup,2,0,1,uh,0.067,0.102
6,AF,1,cog,3,1,3,aw,0.081,0.215
6,AF,1,puck,1,0,3,uh,0.047,0.092
6,AF,1,pig,1,1,3,ih,0.052,0.128
6,AF,1,kick,3,0,3,ih,0.053,0.077
6,AF,1,tug,2,1,3,uh,0.065,0.162
6,AF,1,cub,3,1,1,uh,0.078,0.127
6,AF,1,tub,2,1,1,uh,0.082,0.128
6,AF,1,keg,3,1,3,eh,0.082,0.183
6,AF,1,tib,2,1,1,ih,0.07,0.111
6,AF,1,pat,1,0,2,ae,0.065,0.093
6,AF,1,top,2,0,1,aw,0.063,0.092
6,AF,1,cud,3,1,2,uh,0.051,0.164
6,AF,1,pap,1,0,1,ae,0.047,0.102
6,AF,1,tip,2,0,1,ih,0.045,0.038
6,AF,1,cod,3,1,2,aw,0.084,0.243
6,AF,1,pick,1,0,3,ih,0.047,0.077
6,AF,1,tot,2,0,2,aw,0.045,0.118
6,AF,1,pep,1,0,1,eh,0.059,0.061
6,AF,1,tat,2,0,2,ae,0.077,0.11
6,AF,1,cack,3,0,3,ae,0.067,0.133
6,AF,1,peg,1,1,3,eh,0.062,0.162
6,AF,1,tuck,2,0,3,uh,0.05,0.052
6,AF,1,pop,1,0,1,aw,0.044,0.105
6,AF,1,cup,3,0,1,uh,0.061,0.056
6,AF,1,tech,2,0,3,eh,0.061,0.069
6,AF,1,pad,1,1,2,ae,0.095,0.215
6,AF,1,putt,1,0,2,uh,0.047,0.044
6,AF,1,cut,3,0,2,uh,0.064,0.052
6,AF,1,todd,2,1,2,aw,0.061,0.137
6,AF,1,cot,3,0,2,aw,0.061,0.082
6,AF,1,talk,2,0,3,aw,0.058,0.057
6,AF,1,ted,2,1,2,eh,0.076,0.134
6,AF,1,tut,2,0,2,uh,0.053,0.077
6,AF,1,pug,1,1,3,uh,0.063,0.197
6,AF,1,pot,1,0,2,aw,0.034,0.075
6,AF,1,cop,3,0,1,aw,0.061,0.065
6,AF,1,pit,1,0,2,ih,0.045,0.049
6,AF,1,pod,1,1,2,aw,0.052,0.185
6,AF,1,kid,3,1,2,ih,0.055,0.1
6,AF,1,tog,2,1,3,aw,0.051,0.174
6,AF,1,tag,2,1,3,ae,0.067,0.177
6,AF,1,tack,2,0,3,ae,0.047,0.099
6,AF,1,cab,3,1,1,ae,0.066,0.146
6,AF,1,pock,1,0,3,aw,0.046,0.099
6,AF,1,tad,2,1,2,ae,0.051,0.18
6,AF,1,pub,1,1,1,uh,0.047,0.131
6,AF,1,kit,3,0,2,ih,0.061,0.065
6,AF,1,ped,1,1,2,eh,0.063,0.142
6,AF,1,cap,3,0,1,ae,0.052,0.103
6,AF,1,kip,3,0,1,ih,0.06,0.059
6,AF,1,peck,1,0,3,eh,0.046,0.084
6,AF,1,pet,1,0,2,eh,0.054,0.046
6,AF,1,tab,2,1,1,ae,0.046,0.157
6,AF,1,pog,1,1,3,aw,0.05,0.156
6,AF,1,tap,2,0,1,ae,0.033,0.097
6,AF,1,cad,3,1,2,ae,0.055,0.125
6,AF,1,cob,3,1,1,aw,0.06,0.159
6,AF,2,pack,1,0,3,ae,0.064,0.096
6,AF,2,pup,1,0,1,uh,0.054,0.07
6,AF,2,cat,3,0,2,ae,0.067,0.088
6,AF,2,tup,2,0,1,uh,0.049,0.077
6,AF,2,cog,3,1,3,aw,0.062,0.167
6,AF,2,puck,1,0,3,uh,0.055,0.071
6,AF,2,pig,1,1,3,ih,0.055,0.134
6,AF,2,kick,3,0,3,ih,0.063,0.071
6,AF,2,tug,2,1,3,uh,0.055,0.119
6,AF,2,cub,3,1,1,uh,0.065,0.11
6,AF,2,tub,2,1,1,uh,0.067,0.125
6,AF,2,keg,3,1,3,eh,0.078,0.128
6,AF,2,tib,2,1,1,ih,0.058,0.095
6,AF,2,pat,1,0,2,ae,0.056,0.068
6,AF,2,top,2,0,1,aw,0.085,0.08
6,AF,2,cud,3,1,2,uh,0.066,0.148
6,AF,2,pap,1,0,1,ae,0.054,0.047
6,AF,2,tip,2,0,1,ih,0.063,0.056
6,AF,2,cod,3,1,2,aw,0.094,0.227
6,AF,2,pick,1,0,3,ih,0.045,0.061
6,AF,2,tot,2,0,2,aw,0.083,0.095
6,AF,2,pep,1,0,1,eh,0.047,0.064
6,AF,2,tat,2,0,2,ae,0.103,0.051
6,AF,2,cack,3,0,3,ae,0.063,0.055
6,AF,2,peg,1,1,3,eh,0.066,0.135
6,AF,2,tuck,2,0,3,uh,0.091,0.078
6,AF,2,pop,1,0,1,aw,0.062,0.041
6,AF,2,cup,3,0,1,uh,0.077,0.035
6,AF,2,tech,2,0,3,eh,0.084,0.063
6,AF,2,pad,1,1,2,ae,0.077,0.173
6,AF,2,putt,1,0,2,uh,0.049,0.048
6,AF,2,cut,3,0,2,uh,0.084,0.026
6,AF,2,todd,2,1,2,aw,0.101,0.119
6,AF,2,cot,3,0,2,aw,0.107,0.096
6,AF,2,talk,2,0,3,aw,0.082,0.065
6,AF,2,ted,2,1,2,eh,0.077,0.143
6,AF,2,tut,2,0,2,uh,0.067,0.065
6,AF,2,pug,1,1,3,uh,0.04,0.154
6,AF,2,pot,1,0,2,aw,0.059,0.047
6,AF,2,cop,3,0,1,aw,0.075,0.057
6,AF,2,pit,1,0,2,ih,0.044,0.054
6,AF,2,pod,1,1,2,aw,0.104,0.24
6,AF,2,kid,3,1,2,ih,0.073,0.121
6,AF,2,tog,2,1,3,aw,0.104,0.209
6,AF,2,tag,2,1,3,ae,0.072,0.203
6,AF,2,tack,2,0,3,ae,0.084,0.063
6,AF,2,cab,3,1,1,ae,0.104,0.195
6,AF,2,pock,1,0,3,aw,0.076,0.092
6,AF,2,tad,2,1,2,ae,0.097,0.23
6,AF,2,pub,1,1,1,uh,0.077,0.162
6,AF,2,kit,3,0,2,ih,0.075,0.055
6,AF,2,ped,1,1,2,eh,0.092,0.175
6,AF,2,cap,3,0,1,ae,0.066,0.053
6,AF,2,kip,3,0,1,ih,0.07,0.053
6,AF,2,peck,1,0,3,eh,0.076,0.065
6,AF,2,pet,1,0,2,eh,0.054,0.048
6,AF,2,tab,2,1,1,ae,0.098,0.227
6,AF,2,pog,1,1,3,aw,0.104,0.289
6,AF,2,tap,2,0,1,ae,0.066,0.078
6,AF,2,cad,3,1,2,ae,0.092,0.251
6,AF,2,cob,3,1,1,aw,0.06,0.22
7,RH,1,pack,1,0,3,ae,0.073,0.177
7,RH,1,pup,1,0,1,uh,0.031,0.118
7,RH,1,cat,3,0,2,ae,0.089,0.174
7,RH,1,tup,2,0,1,uh,0.049,0.124
7,RH,1,cog,3,1,3,aw,0.131,0.184
7,RH,1,puck,1,0,3,uh,0.059,0.092
7,RH,1,pig,1,1,3,ih,0.049,0.132
7,RH,1,kick,3,0,3,ih,0.054,0.109
7,RH,1,tug,2,1,3,uh,0.078,0.165
7,RH,1,cub,3,1,1,uh,0.099,0.111
7,RH,1,tub,2,1,1,uh,0.049,0.161
7,RH,1,keg,3,1,3,eh,0.07,0.171
7,RH,1,tib,2,1,1,ih,0.068,0.124
7,RH,1,pat,1,0,2,ae,0.07,0.168
7,RH,1,top,2,0,1,aw,0.056,0.163
7,RH,1,cud,3,1,2,uh,0.085,0.164
7,RH,1,pap,1,0,1,ae,0.071,0.143
7,RH,1,tip,2,0,1,ih,0.062,0.086
7,RH,1,cod,3,1,2,aw,0.114,0.19
7,RH,1,pick,1,0,3,ih,0.031,0.086
7,RH,1,tot,2,0,2,aw,0.107,0.087
7,RH,1,pep,1,0,1,eh,0.057,0.084
7,RH,1,tat,2,0,2,ae,0.065,0.113
7,RH,1,cack,3,0,3,ae,0.056,0.135
7,RH,1,peg,1,1,3,eh,0.107,0.121
7,RH,1,tuck,2,0,3,uh,0.075,0.087
7,RH,1,pop,1,0,1,aw,0.051,0.126
7,RH,1,cup,3,0,1,uh,0.097,0.08
7,RH,1,tech,2,0,3,eh,0.064,0.118
7,RH,1,pad,1,1,2,ae,0.078,0.191
7,RH,1,putt,1,0,2,uh,0.063,0.104
7,RH,1,cut,3,0,2,uh,0.063,0.075
7,RH,1,todd,2,1,2,aw,0.071,0.18
7,RH,1,cot,3,0,2,aw,0.088,0.108
7,RH,1,talk,2,0,3,aw,0.093,0.094
7,RH,1,ted,2,1,2,eh,0.067,0.125
7,RH,1,tut,2,0,2,uh,0.098,0.068
7,RH,1,pug,1,1,3,uh,0.066,0.108
7,RH,1,pot,1,0,2,aw,0.064,0.114
7,RH,1,cop,3,0,1,aw,0.058,0.103
7,RH,1,pit,1,0,2,ih,0.038,0.082
7,RH,1,pod,1,1,2,aw,0.07,0.151
7,RH,1,kid,3,1,2,ih,0.055,0.116
7,RH,1,tog,2,1,3,aw,0.087,0.186
7,RH,1,tag,2,1,3,ae,0.07,0.201
7,RH,1,tack,2,0,3,ae,0.067,0.137
7,RH,1,cab,3,1,1,ae,0.056,0.184
7,RH,1,pock,1,0,3,aw,0.069,0.106
7,RH,1,tad,2,1,2,ae,0.051,0.199
7,RH,1,pub,1,1,1,uh,0.041,0.092
7,RH,1,kit,3,0,2,ih,0.054,0.079
7,RH,1,ped,1,1,2,eh,0.092,0.128
7,RH,1,cap,3,0,1,ae,0.066,0.156
7,RH,1,kip,3,0,1,ih,0.087,0.068
7,RH,1,peck,1,0,3,eh,0.057,0.099
7,RH,1,pet,1,0,2,eh,0.064,0.065
7,RH,1,tab,2,1,1,ae,0.077,0.111
7,RH,1,pog,1,1,3,aw,0.088,0.132
7,RH,1,tap,2,0,1,ae,0.059,0.16
7,RH,1,cad,3,1,2,ae,0.115,0.175
7,RH,1,cob,3,1,1,aw,0.093,0.11
7,RH,2,pack,1,0,3,ae,0.076,0.124
7,RH,2,pup,1,0,1,uh,0.054,0.089
7,RH,2,cat,3,0,2,ae,0.083,0.121
7,RH,2,tup,2,0,1,uh,0.079,0.124
7,RH,2,cog,3,1,3,aw,0.114,0.176
7,RH,2,puck,1,0,3,uh,0.061,0.098
7,RH,2,pig,1,1,3,ih,0.069,0.135
7,RH,2,kick,3,0,3,ih,0.073,0.072
7,RH,2,tug,2,1,3,uh,0.09,0.147
7,RH,2,cub,3,1,1,uh,0.083,0.128
7,RH,2,tub,2,1,1,uh,0.073,0.126
7,RH,2,keg,3,1,3,eh,0.106,0.138
7,RH,2,tib,2,1,1,ih,0.07,0.098
7,RH,2,pat,1,0,2,ae,0.087,0.136
7,RH,2,top,2,0,1,aw,0.075,0.127
7,RH,2,cud,3,1,2,uh,0.085,0.139
7,RH,2,pap,1,0,1,ae,0.065,0.106
7,RH,2,tip,2,0,1,ih,0.068,0.091
7,RH,2,cod,3,1,2,aw,0.126,0.151
7,RH,2,pick,1,0,3,ih,0.043,0.08
7,RH,2,tot,2,0,2,aw,0.095,0.097
7,RH,2,pep,1,0,1,eh,0.045,0.099
7,RH,2,tat,2,0,2,ae,0.065,0.147
7,RH,2,cack,3,0,3,ae,0.084,0.149
7,RH,2,peg,1,1,3,eh,0.085,0.127
7,RH,2,tuck,2,0,3,uh,0.06,0.102
7,RH,2,pop,1,0,1,aw,0.049,0.117
7,RH,2,cup,3,0,1,uh,0.067,0.108
7,RH,2,tech,2,0,3,eh,0.08,0.101
7,RH,2,pad,1,1,2,ae,0.09,0.152
7,RH,2,putt,1,0,2,uh,0.071,0.094
7,RH,2,cut,3,0,2,uh,0.079,0.084
7,RH,2,todd,2,1,2,aw,0.107,0.147
7,RH,2,cot,3,0,2,aw,0.089,0.095
7,RH,2,talk,2,0,3,aw,0.094,0.104
7,RH,2,ted,2,1,2,eh,0.067,0.14
7,RH,2,tut,2,0,2,uh,0.069,0.079
7,RH,2,pug,1,1,3,uh,0.045,0.147
7,RH,2,pot,1,0,2,aw,0.047,0.122
7,RH,2,cop,3,0,1,aw,0.081,0.107
7,RH,2,pit,1,0,2,ih,0.065,0.086
7,RH,2,pod,1,1,2,aw,0.09,0.127
7,RH,2,kid,3,1,2,ih,0.07,0.077
7,RH,2,tog,2,1,3,aw,0.101,0.154
7,RH,2,tag,2,1,3,ae,0.077,0.207
7,RH,2,tack,2,0,3,ae,0.079,0.126
7,RH,2,cab,3,1,1,ae,0.105,0.123
7,RH,2,pock,1,0,3,aw,0.047,0.097
7,RH,2,tad,2,1,2,ae,0.08,0.149
7,RH,2,pub,1,1,1,uh,0.044,0.092
7,RH,2,kit,3,0,2,ih,0.057,0.09
7,RH,2,ped,1,1,2,eh,0.088,0.105
7,RH,2,cap,3,0,1,ae,0.097,0.104
7,RH,2,kip,3,0,1,ih,0.081,0.087
7,RH,2,peck,1,0,3,eh,0.046,0.062
7,RH,2,pet,1,0,2,eh,0.052,0.06
7,RH,2,tab,2,1,1,ae,0.077,0.141
7,RH,2,pog,1,1,3,aw,0.089,0.139
7,RH,2,tap,2,0,1,ae,0.063,0.125
7,RH,2,cad,3,1,2,ae,0.081,0.163
7,RH,2,cob,3,1,1,aw,0.083,0.106
8,CW,1,pack,1,0,3,ae,0.101,0.122
8,CW,1,pup,1,0,1,uh,0.063,0.065
8,CW,1,cat,3,0,2,ae,0.086,0.137
8,CW,1,tup,2,0,1,uh,0.081,0.078
8,CW,1,cog,3,1,3,aw,0.074,0.137
8,CW,1,puck,1,0,3,uh,0.07,0.073
8,CW,1,pig,1,1,3,ih,0.074,0.091
8,CW,1,kick,3,0,3,ih,0.1,0.065
8,CW,1,tug,2,1,3,uh,0.074,0.101
8,CW,1,cub,3,1,1,uh,0.071,0.095
8,CW,1,tub,2,1,1,uh,0.07,0.078
8,CW,1,keg,3,1,3,eh,0.085,0.126
8,CW,1,tib,2,1,1,ih,0.061,0.087
8,CW,1,pat,1,0,2,ae,0.064,0.138
8,CW,1,top,2,0,1,aw,0.068,0.123
8,CW,1,cud,3,1,2,uh,0.075,0.103
8,CW,1,pap,1,0,1,ae,0.048,0.115
8,CW,1,tip,2,0,1,ih,0.061,0.057
8,CW,1,cod,3,1,2,aw,0.059,0.165
8,CW,1,pick,1,0,3,ih,0.072,0.081
8,CW,1,tot,2,0,2,aw,0.086,0.11
8,CW,1,pep,1,0,1,eh,0.057,0.083
8,CW,1,tat,2,0,2,ae,0.081,0.123
8,CW,1,cack,3,0,3,ae,0.105,0.116
8,CW,1,peg,1,1,3,eh,0.065,0.112
8,CW,1,tuck,2,0,3,uh,0.069,0.095
8,CW,1,pop,1,0,1,aw,0.057,0.13
8,CW,1,cup,3,0,1,uh,0.067,0.084
8,CW,1,tech,2,0,3,eh,0.047,0.089
8,CW,1,pad,1,1,2,ae,0.05,0.174
8,CW,1,putt,1,0,2,uh,0.046,0.092
8,CW,1,cut,3,0,2,uh,0.07,0.096
8,CW,1,todd,2,1,2,aw,0.081,0.174
8,CW,1,cot,3,0,2,aw,0.072,0.129
8,CW,1,talk,2,0,3,aw,0.072,0.116
8,CW,1,ted,2,1,2,eh,0.088,0.123
8,CW,1,tut,2,0,2,uh,0.063,0.105
8,CW,1,pug,1,1,3,uh,0.048,0.103
8,CW,1,pot,1,0,2,aw,0.059,0.111
8,CW,1,cop,3,0,1,aw,0.071,0.12
8,CW,1,pit,1,0,2,ih,0.058,0.081
8,CW,1,pod,1,1,2,aw,0.072,0.17
8,CW,1,kid,3,1,2,ih,0.082,0.102
8,CW,1,tog,2,1,3,aw,0.074,0.185
8,CW,1,tag,2,1,3,ae,0.089,0.183
8,CW,1,tack,2,0,3,ae,0.083,0.107
8,CW,1,cab,3,1,1,ae,0.089,0.147
8,CW,1,pock,1,0,3,aw,0.086,0.101
8,CW,1,tad,2,1,2,ae,0.075,0.188
8,CW,1,pub,1,1,1,uh,0.072,0.108
8,CW,1,kit,3,0,2,ih,0.072,0.079
8,CW,1,ped,1,1,2,eh,0.073,0.111
8,CW,1,cap,3,0,1,ae,0.102,0.133
8,CW,1,kip,3,0,1,ih,0.086,0.066
8,CW,1,peck,1,0,3,eh,0.07,0.098
8,CW,1,pet,1,0,2,eh,0.06,0.086
8,CW,1,tab,2,1,1,ae,0.071,0.16
8,CW,1,pog,1,1,3,aw,0.079,0.183
8,CW,1,tap,2,0,1,ae,0.097,0.142
8,CW,1,cad,3,1,2,ae,0.078,0.193
8,CW,1,cob,3,1,1,aw,0.053,0.171
8,CW,2,pack,1,0,3,ae,0.074,0.103
8,CW,2,pup,1,0,1,uh,0.06,0.079
8,CW,2,cat,3,0,2,ae,0.078,0.108
8,CW,2,tup,2,0,1,uh,0.072,0.085
8,CW,2,cog,3,1,3,aw,0.057,0.161
8,CW,2,puck,1,0,3,uh,0.068,0.081
8,CW,2,pig,1,1,3,ih,0.075,0.122
8,CW,2,kick,3,0,3,ih,0.076,0.067
8,CW,2,tug,2,1,3,uh,0.074,0.096
8,CW,2,cub,3,1,1,uh,0.072,0.089
8,CW,2,tub,2,1,1,uh,0.067,0.095
8,CW,2,keg,3,1,3,eh,0.072,0.111
8,CW,2,tib,2,1,1,ih,0.078,0.111
8,CW,2,pat,1,0,2,ae,0.077,0.143
8,CW,2,top,2,0,1,aw,0.082,0.12
8,CW,2,cud,3,1,2,uh,0.078,0.116
8,CW,2,pap,1,0,1,ae,0.072,0.112
8,CW,2,tip,2,0,1,ih,0.095,0.066
8,CW,2,cod,3,1,2,aw,0.062,0.161
8,CW,2,pick,1,0,3,ih,0.063,0.071
8,CW,2,tot,2,0,2,aw,0.09,0.106
8,CW,2,pep,1,0,1,eh,0.066,0.071
8,CW,2,tat,2,0,2,ae,0.098,0.128
8,CW,2,cack,3,0,3,ae,0.084,0.13
8,CW,2,peg,1,1,3,eh,0.084,0.107
8,CW,2,tuck,2,0,3,uh,0.071,0.075
8,CW,2,pop,1,0,1,aw,0.075,0.124
8,CW,2,cup,3,0,1,uh,0.074,0.082
8,CW,2,tech,2,0,3,eh,0.076,0.079
8,CW,2,pad,1,1,2,ae,0.083,0.174
8,CW,2,putt,1,0,2,uh,0.059,0.087
8,CW,2,cut,3,0,2,uh,0.093,0.08
8,CW,2,todd,2,1,2,aw,0.092,0.159
8,CW,2,cot,3,0,2,aw,0.084,0.102
8,CW,2,talk,2,0,3,aw,0.094,0.138
8,CW,2,ted,2,1,2,eh,0.068,0.12
8,CW,2,tut,2,0,2,uh,0.072,0.089
8,CW,2,pug,1,1,3,uh,0.068,0.114
8,CW,2,pot,1,0,2,aw,0.069,0.14
8,CW,2,cop,3,0,1,aw,0.07,0.091
8,CW,2,pit,1,0,2,ih,0.059,0.092
8,CW,2,pod,1,1,2,aw,0.045,0.165
8,CW,2,kid,3,1,2,ih,0.08,0.096
8,CW,2,tog,2,1,3,aw,0.092,0.167
8,CW,2,tag,2,1,3,ae,0.111,0.161
8,CW,2,tack,2,0,3,ae,0.088,0.121
8,CW,2,cab,3,1,1,ae,0.11,0.164
8,CW,2,pock,1,0,3,aw,0.081,0.122
8,CW,2,tad,2,1,2,ae,0.091,0.17
8,CW,2,pub,1,1,1,uh,0.074,0.084
8,CW,2,kit,3,0,2,ih,0.083,0.091
8,CW,2,ped,1,1,2,eh,0.059,0.101
8,CW,2,cap,3,0,1,ae,0.095,0.103
8,CW,2,kip,3,0,1,ih,0.083,0.07
8,CW,2,peck,1,0,3,eh,0.06,0.073
8,CW,2,pet,1,0,2,eh,0.07,0.09
8,CW,2,tab,2,1,1,ae,0.073,0.147
8,CW,2,pog,1,1,3,aw,0.067,0.148
8,CW,2,tap,2,0,1,ae,0.087,0.11
8,CW,2,cad,3,1,2,ae,0.082,0.185
8,CW,2,cob,3,1,1,aw,0.058,0.137
9,JC_1,1,pack,1,0,3,ae,0.056,0.113
9,JC_1,1,pup,1,0,1,uh,0.056,0.046
9,JC_1,1,cat,3,0,2,ae,0.092,0.114
9,JC_1,1,tup,2,0,1,uh,0.064,0.056
9,JC_1,1,cog,3,1,3,aw,0.074,0.137
9,JC_1,1,puck,1,0,3,uh,0.043,0.079
9,JC_1,1,pig,1,1,3,ih,0.045,0.094
9,JC_1,1,kick,3,0,3,ih,0.059,0.068
9,JC_1,1,tug,2,1,3,uh,0.084,0.098
9,JC_1,1,cub,3,1,1,uh,0.073,0.09
9,JC_1,1,tub,2,1,1,uh,0.072,0.064
9,JC_1,1,keg,3,1,3,eh,0.068,0.102
9,JC_1,1,tib,2,1,1,ih,0.067,0.084
9,JC_1,1,pat,1,0,2,ae,0.065,0.089
9,JC_1,1,top,2,0,1,aw,0.062,0.099
9,JC_1,1,cud,3,1,2,uh,0.056,0.1
9,JC_1,1,pap,1,0,1,ae,0.046,0.094
9,JC_1,1,tip,2,0,1,ih,0.06,0.05
9,JC_1,1,cod,3,1,2,aw,0.091,0.154
9,JC_1,1,pick,1,0,3,ih,0.047,0.059
9,JC_1,1,tot,2,0,2,aw,0.069,0.112
9,JC_1,1,pep,1,0,1,eh,0.039,0.067
9,JC_1,1,tat,2,0,2,ae,0.075,0.104
9,JC_1,1,cack,3,0,3,ae,0.062,0.098
9,JC_1,1,peg,1,1,3,eh,0.04,0.111
9,JC_1,1,tuck,2,0,3,uh,0.077,0.069
9,JC_1,1,pop,1,0,1,aw,0.063,0.086
9,JC_1,1,cup,3,0,1,uh,0.07,0.047
9,JC_1,1,tech,2,0,3,eh,0.072,0.066
9,JC_1,1,pad,1,1,2,ae,0.066,0.139
9,JC_1,1,putt,1,0,2,uh,0.044,0.062
9,JC_1,1,cut,3,0,2,uh,0.077,0.061
9,JC_1,1,todd,2,1,2,aw,0.065,0.178
9,JC_1,1,cot,3,0,2,aw,0.069,0.093
9,JC_1,1,talk,2,0,3,aw,0.069,0.104
9,JC_1,1,ted,2,1,2,eh,0.063,0.109
9,JC_1,1,tut,2,0,2,uh,0.046,0.073
9,JC_1,1,pug,1,1,3,uh,0.057,0.088
9,JC_1,1,pot,1,0,2,aw,0.066,0.111
9,JC_1,1,cop,3,0,1,aw,0.07,0.07
9,JC_1,1,pit,1,0,2,ih,0.044,0.076
9,JC_1,1,pod,1,1,2,aw,0.069,0.157
9,JC_1,1,kid,3,1,2,ih,0.079,0.07
9,JC_1,1,tog,2,1,3,aw,0.07,0.151
9,JC_1,1,tag,2,1,3,ae,0.08,0.164
9,JC_1,1,tack,2,0,3,ae,0.063,0.113
9,JC_1,1,cab,3,1,1,ae,0.061,0.144
9,JC_1,1,pock,1,0,3,aw,0.055,0.108
9,JC_1,1,tad,2,1,2,ae,0.08,0.158
9,JC_1,1,pub,1,1,1,uh,0.055,0.091
9,JC_1,1,kit,3,0,2,ih,0.063,0.035
9,JC_1,1,ped,1,1,2,eh,0.054,0.107
9,JC_1,1,cap,3,0,1,ae,0.08,0.118
9,JC_1,1,kip,3,0,1,ih,0.06,0.061
9,JC_1,1,peck,1,0,3,eh,0.041,0.063
9,JC_1,1,pet,1,0,2,eh,0.079,0.063
9,JC_1,1,tab,2,1,1,ae,0.084,0.133
9,JC_1,1,pog,1,1,3,aw,0.067,0.144
9,JC_1,1,tap,2,0,1,ae,0.063,0.12
9,JC_1,1,cad,3,1,2,ae,0.076,0.164
9,JC_1,1,cob,3,1,1,aw,0.077,0.153
9,JC_1,2,pack,1,0,3,ae,0.053,0.13
9,JC_1,2,pup,1,0,1,uh,0.049,0.062
9,JC_1,2,cat,3,0,2,ae,0.082,0.115
9,JC_1,2,tup,2,0,1,uh,0.058,0.085
9,JC_1,2,cog,3,1,3,aw,0.075,0.144
9,JC_1,2,puck,1,0,3,uh,0.07,0.048
9,JC_1,2,pig,1,1,3,ih,0.062,0.102
9,JC_1,2,kick,3,0,3,ih,0.06,0.062
9,JC_1,2,tug,2,1,3,uh,0.071,0.116
9,JC_1,2,cub,3,1,1,uh,0.06,0.093
9,JC_1,2,tub,2,1,1,uh,0.062,0.088
9,JC_1,2,keg,3,1,3,eh,0.056,0.107
9,JC_1,2,tib,2,1,1,ih,0.064,0.09
9,JC_1,2,pat,1,0,2,ae,0.058,0.116
9,JC_1,2,top,2,0,1,aw,0.059,0.113
9,JC_1,2,cud,3,1,2,uh,0.063,0.109
9,JC_1,2,pap,1,0,1,ae,0.049,0.103
9,JC_1,2,tip,2,0,1,ih,0.067,0.068
9,JC_1,2,cod,3,1,2,aw,0.059,0.145
9,JC_1,2,pick,1,0,3,ih,0.033,0.065
9,JC_1,2,tot,2,0,2,aw,0.072,0.115
9,JC_1,2,pep,1,0,1,eh,0.055,0.078
9,JC_1,2,tat,2,0,2,ae,0.081,0.118
9,JC_1,2,cack,3,0,3,ae,0.065,0.11
9,JC_1,2,peg,1,1,3,eh,0.044,0.112
9,JC_1,2,tuck,2,0,3,uh,0.067,0.066
9,JC_1,2,pop,1,0,1,aw,0.045,0.097
9,JC_1,2,cup,3,0,1,uh,0.055,0.067
9,JC_1,2,tech,2,0,3,eh,0.065,0.078
9,JC_1,2,pad,1,1,2,ae,0.048,0.158
9,JC_1,2,putt,1,0,2,uh,0.059,0.072
9,JC_1,2,cut,3,0,2,uh,0.057,0.058
9,JC_1,2,todd,2,1,2,aw,0.066,0.163
9,JC_1,2,cot,3,0,2,aw,0.06,0.088
9,JC_1,2,talk,2,0,3,aw,0.061,0.105
9,JC_1,2,ted,2,1,2,eh,0.071,0.105
9,JC_1,2,tut,2,0,2,uh,0.073,0.064
9,JC_1,2,pug,1,1,3,uh,0.056,0.105
9,JC_1,2,pot,1,0,2,aw,0.037,0.094
9,JC_1,2,cop,3,0,1,aw,0.066,0.084
9,JC_1,2,pit,1,0,2,ih,0.037,0.054
9,JC_1,2,pod,1,1,2,aw,0.07,0.138
9,JC_1,2,kid,3,1,2,ih,0.074,0.079
9,JC_1,2,tog,2,1,3,aw,0.074,0.135
9,JC_1,2,tag,2,1,3,ae,0.08,0.151
9,JC_1,2,tack,2,0,3,ae,0.076,0.102
9,JC_1,2,cab,3,1,1,ae,0.063,0.145
9,JC_1,2,pock,1,0,3,aw,0.058,0.101
9,JC_1,2,tad,2,1,2,ae,0.075,0.172
9,JC_1,2,pub,1,1,1,uh,0.051,0.091
9,JC_1,2,kit,3,0,2,ih,0.049,0.064
9,JC_1,2,ped,1,1,2,eh,0.051,0.1
9,JC_1,2,cap,3,0,1,ae,0.076,0.117
9,JC_1,2,kip,3,0,1,ih,0.06,0.072
9,JC_1,2,peck,1,0,3,eh,0.044,0.083
9,JC_1,2,pet,1,0,2,eh,0.05,0.07
9,JC_1,2,tab,2,1,1,ae,0.092,0.149
9,JC_1,2,pog,1,1,3,aw,0.06,0.136
9,JC_1,2,tap,2,0,1,ae,0.07,0.107
9,JC_1,2,cad,3,1,2,ae,0.069,0.155
9,JC_1,2,cob,3,1,1,aw,0.072,0.121
10,JC2,1,pack,1,0,3,ae,0.087,0.109
10,JC2,1,pup,1,0,1,uh,0.079,0.079
10,JC2,1,cat,3,0,2,ae,0.123,0.144
10,JC2,1,tup,2,0,1,uh,0.07,0.081
10,JC2,1,cog,3,1,3,aw,0.11,0.178
10,JC2,1,puck,1,0,3,uh,0.059,0.085
10,JC2,1,pig,1,1,3,ih,0.06,0.124
10,JC2,1,kick,3,0,3,ih,0.074,0.087
10,JC2,1,tug,2,1,3,uh,0.119,0.183
10,JC2,1,cub,3,1,1,uh,,
10,JC2,1,tub,2,1,1,uh,0.093,0.161
10,JC2,1,keg,3,1,3,eh,0.099,0.148
10,JC2,1,tib,2,1,1,ih,0.093,0.144
10,JC2,1,pat,1,0,2,ae,0.125,0.155
10,JC2,1,top,2,0,1,aw,0.067,0.14
10,JC2,1,cud,3,1,2,uh,0.104,0.166
10,JC2,1,pap,1,0,1,ae,0.089,0.142
10,JC2,1,tip,2,0,1,ih,0.074,0.094
10,JC2,1,cod,3,1,2,aw,0.097,0.208
10,JC2,1,pick,1,0,3,ih,0.038,0.089
10,JC2,1,tot,2,0,2,aw,0.079,0.171
10,JC2,1,pep,1,0,1,eh,0.055,0.11
10,JC2,1,tat,2,0,2,ae,0.097,0.151
10,JC2,1,cack,3,0,3,ae,0.098,0.156
10,JC2,1,peg,1,1,3,eh,0.109,0.159
10,JC2,1,tuck,2,0,3,uh,0.086,0.098
10,JC2,1,pop,1,0,1,aw,0.081,0.144
10,JC2,1,cup,3,0,1,uh,0.082,0.1
10,JC2,1,tech,2,0,3,eh,0.091,0.114
10,JC2,1,pad,1,1,2,ae,0.107,0.218
10,JC2,1,putt,1,0,2,uh,0.102,0.1
10,JC2,1,cut,3,0,2,uh,0.106,0.117
10,JC2,1,todd,2,1,2,aw,0.147,0.221
10,JC2,1,cot,3,0,2,aw,0.115,0.168
10,JC2,1,talk,2,0,3,aw,0.106,0.157
10,JC2,1,ted,2,1,2,eh,0.108,0.147
10,JC2,1,tut,2,0,2,uh,0.128,0.101
10,JC2,1,pug,1,1,3,uh,0.099,0.107
10,JC2,1,pot,1,0,2,aw,0.104,0.156
10,JC2,1,cop,3,0,1,aw,0.084,0.146
10,JC2,1,pit,1,0,2,ih,0.087,0.106
10,JC2,1,pod,1,1,2,aw,0.092,0.193
10,JC2,1,kid,3,1,2,ih,0.106,0.148
10,JC2,1,tog,2,1,3,aw,0.113,0.238
10,JC2,1,tag,2,1,3,ae,0.069,0.255
10,JC2,1,tack,2,0,3,ae,0.094,0.152
10,JC2,1,cab,3,1,1,ae,0.125,0.26
10,JC2,1,pock,1,0,3,aw,0.111,0.131
10,JC2,1,tad,2,1,2,ae,0.14,0.254
10,JC2,1,pub,1,1,1,uh,0.116,0.12
10,JC2,1,kit,3,0,2,ih,,
10,JC2,1,ped,1,1,2,eh,0.111,0.151
10,JC2,1,cap,3,0,1,ae,0.109,0.154
10,JC2,1,kip,3,0,1,ih,0.094,0.1
10,JC2,1,peck,1,0,3,eh,0.137,0.094
10,JC2,1,pet,1,0,2,eh,0.097,0.101
10,JC2,1,tab,2,1,1,ae,0.148,0.224
10,JC2,1,pog,1,1,3,aw,0.101,0.233
10,JC2,1,tap,2,0,1,ae,0.088,0.146
10,JC2,1,cad,3,1,2,ae,0.098,0.193
10,JC2,1,cob,3,1,1,aw,0.106,0.168
10,JC2,2,pack,1,0,3,ae,0.095,0.144
10,JC2,2,pup,1,0,1,uh,0.075,0.065
10,JC2,2,cat,3,0,2,ae,0.093,0.147
10,JC2,2,tup,2,0,1,uh,0.068,0.074
10,JC2,2,cog,3,1,3,aw,0.101,0.185
10,JC2,2,puck,1,0,3,uh,0.064,0.075
10,JC2,2,pig,1,1,3,ih,0.103,0.176
10,JC2,2,kick,3,0,3,ih,0.061,0.086
10,JC2,2,tug,2,1,3,uh,0.104,0.166
10,JC2,2,cub,3,1,1,uh,0.103,0.128
10,JC2,2,tub,2,1,1,uh,0.076,0.128
10,JC2,2,keg,3,1,3,eh,0.11,0.164
10,JC2,2,tib,2,1,1,ih,0.08,0.113
10,JC2,2,pat,1,0,2,ae,0.107,0.169
10,JC2,2,top,2,0,1,aw,0.096,0.146
10,JC2,2,cud,3,1,2,uh,0.09,0.135
10,JC2,2,pap,1,0,1,ae,0.08,0.112
10,JC2,2,tip,2,0,1,ih,0.047,0.084
10,JC2,2,cod,3,1,2,aw,0.109,0.21
10,JC2,2,pick,1,0,3,ih,0.029,0.091
10,JC2,2,tot,2,0,2,aw,0.113,
10,JC2,2,pep,1,0,1,eh,0.057,0.075
10,JC2,2,tat,2,0,2,ae,0.118,0.153
10,JC2,2,cack,3,0,3,ae,0.096,0.137
10,JC2,2,peg,1,1,3,eh,0.114,0.154
10,JC2,2,tuck,2,0,3,uh,0.059,0.1
10,JC2,2,pop,1,0,1,aw,0.072,0.117
10,JC2,2,cup,3,0,1,uh,0.073,0.072
10,JC2,2,tech,2,0,3,eh,0.068,0.093
10,JC2,2,pad,1,1,2,ae,0.082,0.192
10,JC2,2,putt,1,0,2,uh,0.07,0.112
10,JC2,2,cut,3,0,2,uh,0.083,0.11
10,JC2,2,todd,2,1,2,aw,0.1,0.201
10,JC2,2,cot,3,0,2,aw,0.14,0.168
10,JC2,2,talk,2,0,3,aw,0.089,0.156
10,JC2,2,ted,2,1,2,eh,0.1,0.111
10,JC2,2,tut,2,0,2,uh,0.097,0.098
10,JC2,2,pug,1,1,3,uh,0.087,0.13
10,JC2,2,pot,1,0,2,aw,0.099,0.151
10,JC2,2,cop,3,0,1,aw,0.083,0.127
10,JC2,2,pit,1,0,2,ih,0.076,0.1
10,JC2,2,pod,1,1,2,aw,0.119,0.195
10,JC2,2,kid,3,1,2,ih,0.082,0.119
10,JC2,2,tog,2,1,3,aw,0.098,0.217
10,JC2,2,tag,2,1,3,ae,0.095,0.18
10,JC2,2,tack,2,0,3,ae,0.097,0.118
10,JC2,2,cab,3,1,1,ae,0.1,0.169
10,JC2,2,pock,1,0,3,aw,0.073,0.138
10,JC2,2,tad,2,1,2,ae,0.115,0.196
10,JC2,2,pub,1,1,1,uh,0.097,0.104
10,JC2,2,kit,3,0,2,ih,0.084,0.099
10,JC2,2,ped,1,1,2,eh,0.098,0.111
10,JC2,2,cap,3,0,1,ae,0.098,0.123
10,JC2,2,kip,3,0,1,ih,0.071,0.067
10,JC2,2,peck,1,0,3,eh,0.076,0.084
10,JC2,2,pet,1,0,2,eh,0.092,0.091
10,JC2,2,tab,2,1,1,ae,0.118,0.176
10,JC2,2,pog,1,1,3,aw,0.084,0.198
10,JC2,2,tap,2,0,1,ae,0.097,0.12
10,JC2,2,cad,3,1,2,ae,0.094,0.184
10,JC2,2,cob,3,1,1,aw,0.077,0.154
11,MB,1,pack,1,0,3,ae,0.087,0.153
11,MB,1,pup,1,0,1,uh,0.076,0.075
11,MB,1,cat,3,0,2,ae,0.078,0.125
11,MB,1,tup,2,0,1,uh,0.113,0.09
11,MB,1,cog,3,1,3,aw,0.135,0.249
11,MB,1,puck,1,0,3,uh,0.091,0.067
11,MB,1,pig,1,1,3,ih,0.153,0.167
11,MB,1,kick,3,0,3,ih,0.128,0.111
11,MB,1,tug,2,1,3,uh,0.101,0.2
11,MB,1,cub,3,1,1,uh,0.14,0.159
11,MB,1,tub,2,1,1,uh,0.138,0.122
11,MB,1,keg,3,1,3,eh,0.101,0.156
11,MB,1,tib,2,1,1,ih,0.092,0.161
11,MB,1,pat,1,0,2,ae,0.078,0.158
11,MB,1,top,2,0,1,aw,0.118,0.114
11,MB,1,cud,3,1,2,uh,0.151,0.169
11,MB,1,pap,1,0,1,ae,0.083,0.136
11,MB,1,tip,2,0,1,ih,0.112,0.08
11,MB,1,cod,3,1,2,aw,0.104,0.283
11,MB,1,pick,1,0,3,ih,0.077,0.076
11,MB,1,tot,2,0,2,aw,0.171,0.172
11,MB,1,pep,1,0,1,eh,0.116,0.084
11,MB,1,tat,2,0,2,ae,0.069,0.106
11,MB,1,cack,3,0,3,ae,0.132,0.105
11,MB,1,peg,1,1,3,eh,0.155,0.155
11,MB,1,tuck,2,0,3,uh,0.078,0.083
11,MB,1,pop,1,0,1,aw,0.1,0.177
11,MB,1,cup,3,0,1,uh,0.104,0.072
11,MB,1,tech,2,0,3,eh,0.116,0.061
11,MB,1,pad,1,1,2,ae,0.091,0.281
11,MB,1,putt,1,0,2,uh,0.134,0.086
11,MB,1,cut,3,0,2,uh,0.115,0.091
11,MB,1,todd,2,1,2,aw,0.133,0.256
11,MB,1,cot,3,0,2,aw,0.103,0.123
11,MB,1,talk,2,0,3,aw,0.158,0.111
11,MB,1,ted,2,1,2,eh,0.168,0.145
11,MB,1,tut,2,0,2,uh,0.118,0.079
11,MB,1,pug,1,1,3,uh,0.192,0.146
11,MB,1,pot,1,0,2,aw,0.093,0.115
11,MB,1,cop,3,0,1,aw,0.136,0.114
11,MB,1,pit,1,0,2,ih,0.16,0.094
11,MB,1,pod,1,1,2,aw,0.126,0.276
11,MB,1,kid,3,1,2,ih,0.132,0.144
11,MB,1,tog,2,1,3,aw,0.129,0.265
11,MB,1,tag,2,1,3,ae,0.093,0.236
11,MB,1,tack,2,0,3,ae,0.125,0.147
11,MB,1,cab,3,1,1,ae,0.128,0.219
11,MB,1,pock,1,0,3,aw,0.128,0.113
11,MB,1,tad,2,1,2,ae,0.106,0.242
11,MB,1,pub,1,1,1,uh,0.142,0.135
11,MB,1,kit,3,0,2,ih,0.149,0.083
11,MB,1,ped,1,1,2,eh,0.123,0.148
11,MB,1,cap,3,0,1,ae,0.119,0.107
11,MB,1,kip,3,0,1,ih,0.185,0.086
11,MB,1,peck,1,0,3,eh,0.133,0.08
11,MB,1,pet,1,0,2,eh,0.135,0.107
11,MB,1,tab,2,1,1,ae,0.096,0.238
11,MB,1,pog,1,1,3,aw,0.118,0.252
11,MB,1,tap,2,0,1,ae,0.115,0.109
11,MB,1,cad,3,1,2,ae,0.101,0.249
11,MB,1,cob,3,1,1,aw,0.085,0.241
11,MB,2,pack,1,0,3,ae,0.115,0.104
11,MB,2,pup,1,0,1,uh,0.091,0.087
11,MB,2,cat,3,0,2,ae,0.118,0.186
11,MB,2,tup,2,0,1,uh,0.106,0.086
11,MB,2,cog,3,1,3,aw,0.133,0.189
11,MB,2,puck,1,0,3,uh,0.092,0.099
11,MB,2,pig,1,1,3,ih,0.101,0.14
11,MB,2,kick,3,0,3,ih,0.142,0.08
11,MB,2,tug,2,1,3,uh,0.108,0.154
11,MB,2,cub,3,1,1,uh,0.106,0.154
11,MB,2,tub,2,1,1,uh,0.104,0.164
11,MB,2,keg,3,1,3,eh,0.099,0.16
11,MB,2,tib,2,1,1,ih,0.126,0.107
11,MB,2,pat,1,0,2,ae,0.081,0.151
11,MB,2,top,2,0,1,aw,0.081,0.111
11,MB,2,cud,3,1,2,uh,0.106,0.171
11,MB,2,pap,1,0,1,ae,0.088,0.152
11,MB,2,tip,2,0,1,ih,0.1,0.07
11,MB,2,cod,3,1,2,aw,0.114,0.235
11,MB,2,pick,1,0,3,ih,0.087,0.072
11,MB,2,tot,2,0,2,aw,0.092,0.132
11,MB,2,pep,1,0,1,eh,0.104,0.121
11,MB,2,tat,2,0,2,ae,0.111,0.113
11,MB,2,cack,3,0,3,ae,0.133,0.099
11,MB,2,peg,1,1,3,eh,0.111,0.118
11,MB,2,tuck,2,0,3,uh,0.085,0.18
11,MB,2,pop,1,0,1,aw,0.08,0.106
11,MB,2,cup,3,0,1,uh,0.119,0.082
11,MB,2,tech,2,0,3,eh,0.112,0.078
11,MB,2,pad,1,1,2,ae,0.076,0.249
11,MB,2,putt,1,0,2,uh,0.064,0.077
11,MB,2,cut,3,0,2,uh,0.13,0.061
11,MB,2,todd,2,1,2,aw,0.102,0.185
11,MB,2,cot,3,0,2,aw,0.094,0.132
11,MB,2,talk,2,0,3,aw,0.09,0.109
11,MB,2,ted,2,1,2,eh,0.102,0.133
11,MB,2,tut,2,0,2,uh,0.108,0.087
11,MB,2,pug,1,1,3,uh,0.125,0.141
11,MB,2,pot,1,0,2,aw,0.084,0.165
11,MB,2,cop,3,0,1,aw,0.132,0.109
11,MB,2,pit,1,0,2,ih,0.138,0.091
11,MB,2,pod,1,1,2,aw,0.1,0.236
11,MB,2,kid,3,1,2,ih,0.08,0.127
11,MB,2,tog,2,1,3,aw,0.089,0.217
11,MB,2,tag,2,1,3,ae,0.089,0.25
11,MB,2,tack,2,0,3,ae,0.09,0.143
11,MB,2,cab,3,1,1,ae,0.13,0.208
11,MB,2,pock,1,0,3,aw,0.108,0.157
11,MB,2,tad,2,1,2,ae,0.107,0.252
11,MB,2,pub,1,1,1,uh,0.099,0.107
11,MB,2,kit,3,0,2,ih,0.121,0.092
11,MB,2,ped,1,1,2,eh,0.133,0.148
11,MB,2,cap,3,0,1,ae,0.094,0.15
11,MB,2,kip,3,0,1,ih,0.187,0.086
11,MB,2,peck,1,0,3,eh,0.114,0.101
11,MB,2,pet,1,0,2,eh,0.104,0.153
11,MB,2,tab,2,1,1,ae,0.108,0.196
11,MB,2,pog,1,1,3,aw,0.1,0.24
11,MB,2,tap,2,0,1,ae,0.09,0.163
11,MB,2,cad,3,1,2,ae,0.121,0.214
11,MB,2,cob,3,1,1,aw,0.109,0.236
12,MN,1,pack,1,0,3,ae,0.08,0.134
12,MN,1,pup,1,0,1,uh,0.076,0.072
12,MN,1,cat,3,0,2,ae,0.083,0.151
12,MN,1,tup,2,0,1,uh,0.071,0.078
12,MN,1,cog,3,1,3,aw,0.087,0.191
12,MN,1,puck,1,0,3,uh,0.056,0.096
12,MN,1,pig,1,1,3,ih,0.066,0.105
12,MN,1,kick,3,0,3,ih,0.097,0.066
12,MN,1,tug,2,1,3,uh,0.086,0.125
12,MN,1,cub,3,1,1,uh,0.09,0.111
12,MN,1,tub,2,1,1,uh,0.082,0.147
12,MN,1,keg,3,1,3,eh,0.084,0.116
12,MN,1,tib,2,1,1,ih,0.094,0.115
12,MN,1,pat,1,0,2,ae,0.088,0.136
12,MN,1,top,2,0,1,aw,0.102,0.129
12,MN,1,cud,3,1,2,uh,0.104,0.114
12,MN,1,pap,1,0,1,ae,0.165,0.107
12,MN,1,tip,2,0,1,ih,0.08,0.076
12,MN,1,cod,3,1,2,aw,0.1,0.211
12,MN,1,pick,1,0,3,ih,0.043,0.085
12,MN,1,tot,2,0,2,aw,0.099,0.149
12,MN,1,pep,1,0,1,eh,0.063,0.088
12,MN,1,tat,2,0,2,ae,0.086,0.127
12,MN,1,cack,3,0,3,ae,0.112,0.118
12,MN,1,peg,1,1,3,eh,0.074,0.103
12,MN,1,tuck,2,0,3,uh,0.067,0.079
12,MN,1,pop,1,0,1,aw,0.084,0.121
12,MN,1,cup,3,0,1,uh,0.074,0.081
12,MN,1,tech,2,0,3,eh,0.093,0.087
12,MN,1,pad,1,1,2,ae,0.106,0.157
12,MN,1,putt,1,0,2,uh,0.072,0.081
12,MN,1,cut,3,0,2,uh,0.067,0.1
12,MN,1,todd,2,1,2,aw,0.108,0.154
12,MN,1,cot,3,0,2,aw,0.093,0.105
12,MN,1,talk,2,0,3,aw,0.115,0.131
12,MN,1,ted,2,1,2,eh,0.082,0.121
12,MN,1,tut,2,0,2,uh,0.105,0.096
12,MN,1,pug,1,1,3,uh,0.069,0.132
12,MN,1,pot,1,0,2,aw,0.095,0.142
12,MN,1,cop,3,0,1,aw,0.104,0.117
12,MN,1,pit,1,0,2,ih,0.057,0.035
12,MN,1,pod,1,1,2,aw,0.069,0.188
12,MN,1,kid,3,1,2,ih,0.063,0.111
12,MN,1,tog,2,1,3,aw,0.094,0.217
12,MN,1,tag,2,1,3,ae,0.095,0.195
12,MN,1,tack,2,0,3,ae,0.07,0.106
12,MN,1,cab,3,1,1,ae,0.099,0.188
12,MN,1,pock,1,0,3,aw,0.078,0.113
12,MN,1,tad,2,1,2,ae,0.1,0.184
12,MN,1,pub,1,1,1,uh,0.064,0.106
12,MN,1,kit,3,0,2,ih,0.068,0.067
12,MN,1,ped,1,1,2,eh,0.061,0.109
12,MN,1,cap,3,0,1,ae,0.109,0.113
12,MN,1,kip,3,0,1,ih,0.068,0.084
12,MN,1,peck,1,0,3,eh,0.066,0.071
12,MN,1,pet,1,0,2,eh,0.089,0.079
12,MN,1,tab,2,1,1,ae,0.093,0.167
12,MN,1,pog,1,1,3,aw,0.09,0.206
12,MN,1,tap,2,0,1,ae,0.111,0.103
12,MN,1,cad,3,1,2,ae,0.109,0.183
12,MN,1,cob,3,1,1,aw,0.088,0.181
12,MN,2,pack,1,0,3,ae,0.066,0.127
12,MN,2,pup,1,0,1,uh,0.054,0.084
12,MN,2,cat,3,0,2,ae,0.073,0.124
12,MN,2,tup,2,0,1,uh,0.071,0.078
12,MN,2,cog,3,1,3,aw,0.076,0.179
12,MN,2,puck,1,0,3,uh,0.062,0.077
12,MN,2,pig,1,1,3,ih,0.043,0.1
12,MN,2,kick,3,0,3,ih,0.053,0.064
12,MN,2,tug,2,1,3,uh,0.071,0.127
12,MN,2,cub,3,1,1,uh,0.081,0.131
12,MN,2,tub,2,1,1,uh,0.078,0.155
12,MN,2,keg,3,1,3,eh,0.079,0.144
12,MN,2,tib,2,1,1,ih,0.068,0.117
12,MN,2,pat,1,0,2,ae,0.058,0.107
12,MN,2,top,2,0,1,aw,0.092,0.094
12,MN,2,cud,3,1,2,uh,0.073,0.118
12,MN,2,pap,1,0,1,ae,0.073,0.109
12,MN,2,tip,2,0,1,ih,0.065,0.091
12,MN,2,cod,3,1,2,aw,0.088,0.186
12,MN,2,pick,1,0,3,ih,0.044,0.054
12,MN,2,tot,2,0,2,aw,0.087,0.106
12,MN,2,pep,1,0,1,eh,0.068,0.076
12,MN,2,tat,2,0,2,ae,0.086,0.076
12,MN,2,cack,3,0,3,ae,0.101,0.111
12,MN,2,peg,1,1,3,eh,0.052,0.135
12,MN,2,tuck,2,0,3,uh,0.067,0.095
12,MN,2,pop,1,0,1,aw,0.057,0.126
12,MN,2,cup,3,0,1,uh,0.058,0.087
12,MN,2,tech,2,0,3,eh,0.059,0.083
12,MN,2,pad,1,1,2,ae,0.072,0.199
12,MN,2,putt,1,0,2,uh,0.035,0.052
12,MN,2,cut,3,0,2,uh,0.058,0.088
12,MN,2,todd,2,1,2,aw,0.077,0.176
12,MN,2,cot,3,0,2,aw,0.08,0.096
12,MN,2,talk,2,0,3,aw,0.072,0.143
12,MN,2,ted,2,1,2,eh,0.069,0.114
12,MN,2,tut,2,0,2,uh,0.076,0.061
12,MN,2,pug,1,1,3,uh,0.069,0.139
12,MN,2,pot,1,0,2,aw,0.069,0.091
12,MN,2,cop,3,0,1,aw,0.089,0.134
12,MN,2,pit,1,0,2,ih,0.043,0.082
12,MN,2,pod,1,1,2,aw,0.083,0.167
12,MN,2,kid,3,1,2,ih,0.061,0.093
12,MN,2,tog,2,1,3,aw,0.128,0.202
12,MN,2,tag,2,1,3,ae,0.099,0.192
12,MN,2,tack,2,0,3,ae,0.089,0.103
12,MN,2,cab,3,1,1,ae,0.086,0.17
12,MN,2,pock,1,0,3,aw,0.079,0.125
12,MN,2,tad,2,1,2,ae,0.076,0.179
12,MN,2,pub,1,1,1,uh,0.061,0.099
12,MN,2,kit,3,0,2,ih,0.061,0.064
12,MN,2,ped,1,1,2,eh,0.061,0.105
12,MN,2,cap,3,0,1,ae,0.098,0.107
12,MN,2,kip,3,0,1,ih,0.072,0.083
12,MN,2,peck,1,0,3,eh,0.055,0.118
12,MN,2,pet,1,0,2,eh,0.084,0.064
12,MN,2,tab,2,1,1,ae,0.086,0.181
12,MN,2,pog,1,1,3,aw,0.052,0.231
12,MN,2,tap,2,0,1,ae,0.08,0.136
12,MN,2,cad,3,1,2,ae,0.104,0.153
12,MN,2,cob,3,1,1,aw,0.1,0.175
13,MT,1,pack,1,0,3,ae,0.086,0.149
13,MT,1,pup,1,0,1,uh,0.077,0.103
13,MT,1,cat,3,0,2,ae,0.115,0.171
13,MT,1,tup,2,0,1,uh,0.083,0.097
13,MT,1,cog,3,1,3,aw,0.103,0.203
13,MT,1,puck,1,0,3,uh,0.076,0.109
13,MT,1,pig,1,1,3,ih,0.063,0.123
13,MT,1,kick,3,0,3,ih,0.069,0.086
13,MT,1,tug,2,1,3,uh,0.072,0.136
13,MT,1,cub,3,1,1,uh,0.091,0.128
13,MT,1,tub,2,1,1,uh,0.091,0.131
13,MT,1,keg,3,1,3,eh,0.09,0.135
13,MT,1,tib,2,1,1,ih,0.082,0.119
13,MT,1,pat,1,0,2,ae,0.075,0.159
13,MT,1,top,2,0,1,aw,0.075,0.166
13,MT,1,cud,3,1,2,uh,0.09,0.132
13,MT,1,pap,1,0,1,ae,0.093,0.166
13,MT,1,tip,2,0,1,ih,0.065,0.089
13,MT,1,cod,3,1,2,aw,0.094,0.212
13,MT,1,pick,1,0,3,ih,0.036,0.099
13,MT,1,tot,2,0,2,aw,0.102,0.156
13,MT,1,pep,1,0,1,eh,0.036,0.099
13,MT,1,tat,2,0,2,ae,0.067,0.164
13,MT,1,cack,3,0,3,ae,0.071,0.166
13,MT,1,peg,1,1,3,eh,0.057,0.16
13,MT,1,tuck,2,0,3,uh,0.054,0.099
13,MT,1,pop,1,0,1,aw,0.051,0.158
13,MT,1,cup,3,0,1,uh,0.053,0.08
13,MT,1,tech,2,0,3,eh,0.168,0.085
13,MT,1,pad,1,1,2,ae,0.085,0.18
13,MT,1,putt,1,0,2,uh,0.048,0.098
13,MT,1,cut,3,0,2,uh,0.07,0.116
13,MT,1,todd,2,1,2,aw,0.126,0.233
13,MT,1,cot,3,0,2,aw,0.101,0.165
13,MT,1,talk,2,0,3,aw,0.086,0.144
13,MT,1,ted,2,1,2,eh,0.095,0.138
13,MT,1,tut,2,0,2,uh,0.05,0.111
13,MT,1,pug,1,1,3,uh,0.072,0.142
13,MT,1,pot,1,0,2,aw,0.061,0.151
13,MT,1,cop,3,0,1,aw,0.115,0.16
13,MT,1,pit,1,0,2,ih,0.052,0.079
13,MT,1,pod,1,1,2,aw,0.069,0.221
13,MT,1,kid,3,1,2,ih,0.091,0.12
13,MT,1,tog,2,1,3,aw,0.087,0.216
13,MT,1,tag,2,1,3,ae,0.073,0.23
13,MT,1,tack,2,0,3,ae,0.111,0.165
13,MT,1,cab,3,1,1,ae,0.085,0.206
13,MT,1,pock,1,0,3,aw,0.081,0.166
13,MT,1,tad,2,1,2,ae,0.078,0.199
13,MT,1,pub,1,1,1,uh,0.084,0.12
13,MT,1,kit,3,0,2,ih,0.08,0.098
13,MT,1,ped,1,1,2,eh,0.092,0.122
13,MT,1,cap,3,0,1,ae,0.09,0.154
13,MT,1,kip,3,0,1,ih,0.095,0.082
13,MT,1,peck,1,0,3,eh,0.084,0.109
13,MT,1,pet,1,0,2,eh,0.055,0.131
13,MT,1,tab,2,1,1,ae,0.099,0.192
13,MT,1,pog,1,1,3,aw,0.083,0.223
13,MT,1,tap,2,0,1,ae,0.103,0.16
13,MT,1,cad,3,1,2,ae,0.069,0.202
13,MT,1,cob,3,1,1,aw,0.084,0.202
13,MT,2,pack,1,0,3,ae,0.066,0.175
13,MT,2,pup,1,0,1,uh,0.053,0.088
13,MT,2,cat,3,0,2,ae,0.117,0.167
13,MT,2,tup,2,0,1,uh,0.068,0.108
13,MT,2,cog,3,1,3,aw,0.089,0.252
13,MT,2,puck,1,0,3,uh,0.039,0.109
13,MT,2,pig,1,1,3,ih,0.048,0.12
13,MT,2,kick,3,0,3,ih,0.065,0.084
13,MT,2,tug,2,1,3,uh,0.06,0.127
13,MT,2,cub,3,1,1,uh,0.084,0.122
13,MT,2,tub,2,1,1,uh,0.08,0.123
13,MT,2,keg,3,1,3,eh,0.106,0.135
13,MT,2,tib,2,1,1,ih,0.084,0.113
13,MT,2,pat,1,0,2,ae,0.072,0.165
13,MT,2,top,2,0,1,aw,0.085,0.138
13,MT,2,cud,3,1,2,uh,0.096,0.117
13,MT,2,pap,1,0,1,ae,0.057,0.16
13,MT,2,tip,2,0,1,ih,0.054,0.073
13,MT,2,cod,3,1,2,aw,0.124,0.19
13,MT,2,pick,1,0,3,ih,0.054,0.083
13,MT,2,tot,2,0,2,aw,0.092,0.147
13,MT,2,pep,1,0,1,eh,0.051,0.091
13,MT,2,tat,2,0,2,ae,0.09,0.16
13,MT,2,cack,3,0,3,ae,0.062,0.128
13,MT,2,peg,1,1,3,eh,0.086,0.141
13,MT,2,tuck,2,0,3,uh,0.09,0.093
13,MT,2,pop,1,0,1,aw,0.066,0.16
13,MT,2,cup,3,0,1,uh,0.073,0.089
13,MT,2,tech,2,0,3,eh,0.101,0.108
13,MT,2,pad,1,1,2,ae,0.099,0.203
13,MT,2,putt,1,0,2,uh,0.048,0.116
13,MT,2,cut,3,0,2,uh,0.072,0.108
13,MT,2,todd,2,1,2,aw,0.064,0.225
13,MT,2,cot,3,0,2,aw,0.094,0.147
13,MT,2,talk,2,0,3,aw,0.087,0.163
13,MT,2,ted,2,1,2,eh,0.074,0.158
13,MT,2,tut,2,0,2,uh,0.076,0.095
13,MT,2,pug,1,1,3,uh,0.073,0.152
13,MT,2,pot,1,0,2,aw,0.074,0.132
13,MT,2,cop,3,0,1,aw,0.1,0.158
13,MT,2,pit,1,0,2,ih,0.045,0.091
13,MT,2,pod,1,1,2,aw,0.076,0.215
13,MT,2,kid,3,1,2,ih,0.096,0.104
13,MT,2,tog,2,1,3,aw,0.112,0.202
13,MT,2,tag,2,1,3,ae,0.118,0.205
13,MT,2,tack,2,0,3,ae,0.122,0.171
13,MT,2,cab,3,1,1,ae,0.094,0.188
13,MT,2,pock,1,0,3,aw,0.094,0.167
13,MT,2,tad,2,1,2,ae,0.09,0.234
13,MT,2,pub,1,1,1,uh,0.064,0.132
13,MT,2,kit,3,0,2,ih,0.074,0.095
13,MT,2,ped,1,1,2,eh,0.077,0.125
13,MT,2,cap,3,0,1,ae,0.068,0.162
13,MT,2,kip,3,0,1,ih,0.075,0.083
13,MT,2,peck,1,0,3,eh,0.067,0.116
13,MT,2,pet,1,0,2,eh,0.047,0.104
13,MT,2,tab,2,1,1,ae,0.06,0.236
13,MT,2,pog,1,1,3,aw,0.075,0.194
13,MT,2,tap,2,0,1,ae,0.086,0.163
13,MT,2,cad,3,1,2,ae,0.089,0.176
13,MT,2,cob,3,1,1,aw,0.095,0.194
14,JA,1,pack,1,0,3,ae,0.074,0.135
14,JA,1,pup,1,0,1,uh,0.065,0.085
14,JA,1,cat,3,0,2,ae,0.096,0.136
14,JA,1,tup,2,0,1,uh,0.095,0.065
14,JA,1,cog,3,1,3,aw,0.075,0.155
14,JA,1,puck,1,0,3,uh,0.06,0.079
14,JA,1,pig,1,1,3,ih,0.09,0.12
14,JA,1,kick,3,0,3,ih,0.094,0.085
14,JA,1,tug,2,1,3,uh,0.097,0.142
14,JA,1,cub,3,1,1,uh,0.097,0.116
14,JA,1,tub,2,1,1,uh,0.107,0.117
14,JA,1,keg,3,1,3,eh,0.103,0.126
14,JA,1,tib,2,1,1,ih,0.079,0.111
14,JA,1,pat,1,0,2,ae,0.102,0.141
14,JA,1,top,2,0,1,aw,0.091,0.109
14,JA,1,cud,3,1,2,uh,0.096,0.122
14,JA,1,pap,1,0,1,ae,0.093,0.112
14,JA,1,tip,2,0,1,ih,0.073,0.076
14,JA,1,cod,3,1,2,aw,0.108,0.171
14,JA,1,pick,1,0,3,ih,0.062,0.07
14,JA,1,tot,2,0,2,aw,0.081,0.104
14,JA,1,pep,1,0,1,eh,0.062,0.089
14,JA,1,tat,2,0,2,ae,0.089,0.133
14,JA,1,cack,3,0,3,ae,0.103,0.124
14,JA,1,peg,1,1,3,eh,0.091,0.125
14,JA,1,tuck,2,0,3,uh,0.047,0.085
14,JA,1,pop,1,0,1,aw,0.082,0.109
14,JA,1,cup,3,0,1,uh,0.081,0.072
14,JA,1,tech,2,0,3,eh,0.078,0.049
14,JA,1,pad,1,1,2,ae,0.103,0.167
14,JA,1,putt,1,0,2,uh,0.075,0.101
14,JA,1,cut,3,0,2,uh,0.088,0.099
14,JA,1,todd,2,1,2,aw,0.093,0.171
14,JA,1,cot,3,0,2,aw,0.095,0.154
14,JA,1,talk,2,0,3,aw,0.103,0.112
14,JA,1,ted,2,1,2,eh,0.113,0.1
14,JA,1,tut,2,0,2,uh,0.062,0.071
14,JA,1,pug,1,1,3,uh,0.1,0.111
14,JA,1,pot,1,0,2,aw,0.1,0.119
14,JA,1,cop,3,0,1,aw,0.103,0.126
14,JA,1,pit,1,0,2,ih,0.069,0.065
14,JA,1,pod,1,1,2,aw,0.103,0.157
14,JA,1,kid,3,1,2,ih,0.081,0.109
14,JA,1,tog,2,1,3,aw,0.089,0.178
14,JA,1,tag,2,1,3,ae,0.105,0.17
14,JA,1,tack,2,0,3,ae,0.094,0.115
14,JA,1,cab,3,1,1,ae,0.088,0.162
14,JA,1,pock,1,0,3,aw,0.108,0.106
14,JA,1,tad,2,1,2,ae,0.102,0.185
14,JA,1,pub,1,1,1,uh,0.12,0.122
14,JA,1,kit,3,0,2,ih,0.079,0.069
14,JA,1,ped,1,1,2,eh,0.096,0.136
14,JA,1,cap,3,0,1,ae,0.096,0.085
14,JA,1,kip,3,0,1,ih,0.083,0.059
14,JA,1,peck,1,0,3,eh,0.103,0.074
14,JA,1,pet,1,0,2,eh,0.074,0.103
14,JA,1,tab,2,1,1,ae,0.114,0.153
14,JA,1,pog,1,1,3,aw,0.095,0.205
14,JA,1,tap,2,0,1,ae,0.095,0.102
14,JA,1,cad,3,1,2,ae,0.106,0.186
14,JA,1,cob,3,1,1,aw,0.09,0.166
14,JA,2,pack,1,0,3,ae,0.104,0.105
14,JA,2,pup,1,0,1,uh,0.081,0.077
14,JA,2,cat,3,0,2,ae,0.101,0.101
14,JA,2,tup,2,0,1,uh,0.073,0.055
14,JA,2,cog,3,1,3,aw,0.087,0.197
14,JA,2,puck,1,0,3,uh,0.078,0.062
14,JA,2,pig,1,1,3,ih,0.084,0.103
14,JA,2,kick,3,0,3,ih,0.078,0.081
14,JA,2,tug,2,1,3,uh,0.085,0.133
14,JA,2,cub,3,1,1,uh,0.094,0.135
14,JA,2,tub,2,1,1,uh,0.082,0.112
14,JA,2,keg,3,1,3,eh,0.109,0.119
14,JA,2,tib,2,1,1,ih,0.094,0.113
14,JA,2,pat,1,0,2,ae,0.104,0.131
14,JA,2,top,2,0,1,aw,0.087,0.126
14,JA,2,cud,3,1,2,uh,0.098,0.133
14,JA,2,pap,1,0,1,ae,0.086,0.107
14,JA,2,tip,2,0,1,ih,0.066,0.053
14,JA,2,cod,3,1,2,aw,0.067,0.178
14,JA,2,pick,1,0,3,ih,0.064,0.075
14,JA,2,tot,2,0,2,aw,0.101,0.114
14,JA,2,pep,1,0,1,eh,0.084,0.084
14,JA,2,tat,2,0,2,ae,0.086,0.095
14,JA,2,cack,3,0,3,ae,0.09,0.085
14,JA,2,peg,1,1,3,eh,0.07,0.119
14,JA,2,tuck,2,0,3,uh,0.086,0.068
14,JA,2,pop,1,0,1,aw,0.111,0.109
14,JA,2,cup,3,0,1,uh,0.089,0.076
14,JA,2,tech,2,0,3,eh,0.098,0.068
14,JA,2,pad,1,1,2,ae,0.095,0.123
14,JA,2,putt,1,0,2,uh,0.072,0.097
14,JA,2,cut,3,0,2,uh,0.077,0.089
14,JA,2,todd,2,1,2,aw,0.103,0.159
14,JA,2,cot,3,0,2,aw,0.09,0.126
14,JA,2,talk,2,0,3,aw,0.098,0.083
14,JA,2,ted,2,1,2,eh,0.105,0.125
14,JA,2,tut,2,0,2,uh,0.083,0.058
14,JA,2,pug,1,1,3,uh,0.085,0.117
14,JA,2,pot,1,0,2,aw,0.112,0.112
14,JA,2,cop,3,0,1,aw,0.078,0.092
14,JA,2,pit,1,0,2,ih,0.064,0.07
14,JA,2,pod,1,1,2,aw,0.082,0.166
14,JA,2,kid,3,1,2,ih,0.094,0.11
14,JA,2,tog,2,1,3,aw,0.092,0.189
14,JA,2,tag,2,1,3,ae,0.084,0.179
14,JA,2,tack,2,0,3,ae,0.08,0.098
14,JA,2,cab,3,1,1,ae,0.102,0.148
14,JA,2,pock,1,0,3,aw,0.096,0.109
14,JA,2,tad,2,1,2,ae,0.105,0.173
14,JA,2,pub,1,1,1,uh,0.089,0.094
14,JA,2,kit,3,0,2,ih,0.086,0.061
14,JA,2,ped,1,1,2,eh,0.103,0.115
14,JA,2,cap,3,0,1,ae,0.101,0.118
14,JA,2,kip,3,0,1,ih,0.095,0.049
14,JA,2,peck,1,0,3,eh,0.076,0.082
14,JA,2,pet,1,0,2,eh,0.068,0.111
14,JA,2,tab,2,1,1,ae,0.089,0.149
14,JA,2,pog,1,1,3,aw,0.111,0.183
14,JA,2,tap,2,0,1,ae,0.109,0.1
14,JA,2,cad,3,1,2,ae,0.105,0.167
14,JA,2,cob,3,1,1,aw,0.105,0.157
15,RH,1,pack,1,0,3,ae,0.073,0.177
15,RH,1,pup,1,0,1,uh,0.031,0.118
15,RH,1,cat,3,0,2,ae,0.089,0.174
15,RH,1,tup,2,0,1,uh,0.049,0.124
15,RH,1,cog,3,1,3,aw,0.131,0.184
15,RH,1,puck,1,0,3,uh,0.059,0.092
15,RH,1,pig,1,1,3,ih,0.049,0.132
15,RH,1,kick,3,0,3,ih,0.054,0.109
15,RH,1,tug,2,1,3,uh,0.078,0.165
15,RH,1,cub,3,1,1,uh,0.099,0.111
15,RH,1,tub,2,1,1,uh,0.049,0.161
15,RH,1,keg,3,1,3,eh,0.07,0.171
15,RH,1,tib,2,1,1,ih,0.068,0.124
15,RH,1,pat,1,0,2,ae,0.07,0.168
15,RH,1,top,2,0,1,aw,0.056,0.163
15,RH,1,cud,3,1,2,uh,0.085,0.164
15,RH,1,pap,1,0,1,ae,0.071,0.143
15,RH,1,tip,2,0,1,ih,0.062,0.086
15,RH,1,cod,3,1,2,aw,0.114,0.19
15,RH,1,pick,1,0,3,ih,0.031,0.086
15,RH,1,tot,2,0,2,aw,0.107,0.087
15,RH,1,pep,1,0,1,eh,0.057,0.084
15,RH,1,tat,2,0,2,ae,0.065,0.113
15,RH,1,cack,3,0,3,ae,0.056,0.135
15,RH,1,peg,1,1,3,eh,0.107,0.121
15,RH,1,tuck,2,0,3,uh,0.075,0.087
15,RH,1,pop,1,0,1,aw,0.051,0.126
15,RH,1,cup,3,0,1,uh,0.097,0.08
15,RH,1,tech,2,0,3,eh,0.064,0.118
15,RH,1,pad,1,1,2,ae,0.078,0.191
15,RH,1,putt,1,0,2,uh,0.063,0.104
15,RH,1,cut,3,0,2,uh,0.063,0.075
15,RH,1,todd,2,1,2,aw,0.071,0.18
15,RH,1,cot,3,0,2,aw,0.088,0.108
15,RH,1,talk,2,0,3,aw,0.093,0.094
15,RH,1,ted,2,1,2,eh,0.067,0.125
15,RH,1,tut,2,0,2,uh,0.098,0.068
15,RH,1,pug,1,1,3,uh,0.066,0.108
15,RH,1,pot,1,0,2,aw,0.064,0.114
15,RH,1,cop,3,0,1,aw,0.058,0.103
15,RH,1,pit,1,0,2,ih,0.038,0.082
15,RH,1,pod,1,1,2,aw,0.07,0.151
15,RH,1,kid,3,1,2,ih,0.055,0.116
15,RH,1,tog,2,1,3,aw,0.087,0.186
15,RH,1,tag,2,1,3,ae,0.07,0.201
15,RH,1,tack,2,0,3,ae,0.067,0.137
15,RH,1,cab,3,1,1,ae,0.056,0.184
15,RH,1,pock,1,0,3,aw,0.069,0.106
15,RH,1,tad,2,1,2,ae,0.051,0.199
15,RH,1,pub,1,1,1,uh,0.041,0.092
15,RH,1,kit,3,0,2,ih,0.054,0.079
15,RH,1,ped,1,1,2,eh,0.092,0.128
15,RH,1,cap,3,0,1,ae,0.066,0.156
15,RH,1,kip,3,0,1,ih,0.087,0.068
15,RH,1,peck,1,0,3,eh,0.057,0.099
15,RH,1,pet,1,0,2,eh,0.064,0.065
15,RH,1,tab,2,1,1,ae,0.077,0.111
15,RH,1,pog,1,1,3,aw,0.088,0.132
15,RH,1,tap,2,0,1,ae,0.059,0.16
15,RH,1,cad,3,1,2,ae,0.115,0.175
15,RH,1,cob,3,1,1,aw,0.093,0.11
15,RH,2,pack,1,0,3,ae,0.076,0.124
15,RH,2,pup,1,0,1,uh,0.054,0.089
15,RH,2,cat,3,0,2,ae,0.083,0.121
15,RH,2,tup,2,0,1,uh,0.079,0.124
15,RH,2,cog,3,1,3,aw,0.114,0.176
15,RH,2,puck,1,0,3,uh,0.061,0.098
15,RH,2,pig,1,1,3,ih,0.069,0.135
15,RH,2,kick,3,0,3,ih,0.073,0.072
15,RH,2,tug,2,1,3,uh,0.09,0.147
15,RH,2,cub,3,1,1,uh,0.083,0.128
15,RH,2,tub,2,1,1,uh,0.073,0.126
15,RH,2,keg,3,1,3,eh,0.106,0.138
15,RH,2,tib,2,1,1,ih,0.07,0.098
15,RH,2,pat,1,0,2,ae,0.087,0.136
15,RH,2,top,2,0,1,aw,0.075,0.127
15,RH,2,cud,3,1,2,uh,0.085,0.139
15,RH,2,pap,1,0,1,ae,0.065,0.106
15,RH,2,tip,2,0,1,ih,0.068,0.091
15,RH,2,cod,3,1,2,aw,0.126,0.151
15,RH,2,pick,1,0,3,ih,0.043,0.08
15,RH,2,tot,2,0,2,aw,0.095,0.097
15,RH,2,pep,1,0,1,eh,0.045,0.099
15,RH,2,tat,2,0,2,ae,0.065,0.147
15,RH,2,cack,3,0,3,ae,0.084,0.149
15,RH,2,peg,1,1,3,eh,0.085,0.127
15,RH,2,tuck,2,0,3,uh,0.06,0.102
15,RH,2,pop,1,0,1,aw,0.049,0.117
15,RH,2,cup,3,0,1,uh,0.067,0.108
15,RH,2,tech,2,0,3,eh,0.08,
15,RH,2,pad,1,1,2,ae,0.09,0.152
15,RH,2,putt,1,0,2,uh,0.071,0.094
15,RH,2,cut,3,0,2,uh,0.079,0.084
15,RH,2,todd,2,1,2,aw,0.107,0.147
15,RH,2,cot,3,0,2,aw,0.089,0.095
15,RH,2,talk,2,0,3,aw,0.094,0.104
15,RH,2,ted,2,1,2,eh,0.067,0.14
15,RH,2,tut,2,0,2,uh,0.069,0.079
15,RH,2,pug,1,1,3,uh,0.045,0.147
15,RH,2,pot,1,0,2,aw,0.047,0.122
15,RH,2,cop,3,0,1,aw,0.081,0.107
15,RH,2,pit,1,0,2,ih,0.065,0.086
15,RH,2,pod,1,1,2,aw,0.09,0.127
15,RH,2,kid,3,1,2,ih,0.07,0.077
15,RH,2,tog,2,1,3,aw,0.101,0.154
15,RH,2,tag,2,1,3,ae,0.077,0.207
15,RH,2,tack,2,0,3,ae,0.079,0.126
15,RH,2,cab,3,1,1,ae,0.105,0.123
15,RH,2,pock,1,0,3,aw,0.047,0.097
15,RH,2,tad,2,1,2,ae,0.08,0.149
15,RH,2,pub,1,1,1,uh,0.044,0.092
15,RH,2,kit,3,0,2,ih,0.057,0.09
15,RH,2,ped,1,1,2,eh,0.088,0.105
15,RH,2,cap,3,0,1,ae,0.097,0.104
15,RH,2,kip,3,0,1,ih,0.081,0.087
15,RH,2,peck,1,0,3,eh,0.046,0.062
15,RH,2,pet,1,0,2,eh,0.052,0.06
15,RH,2,tab,2,1,1,ae,0.077,0.141
15,RH,2,pog,1,1,3,aw,0.089,0.139
15,RH,2,tap,2,0,1,ae,0.063,0.125
15,RH,2,cad,3,1,2,ae,0.081,0.163
15,RH,2,cob,3,1,1,aw,0.083,0.106
16,SR,1,pack,1,0,3,ae,0.125,0.09
16,SR,1,pup,1,0,1,uh,0.095,0.051
16,SR,1,cat,3,0,2,ae,0.151,0.114
16,SR,1,tup,2,0,1,uh,0.1,0.071
16,SR,1,cog,3,1,3,aw,0.136,0.174
16,SR,1,puck,1,0,3,uh,0.085,0.063
16,SR,1,pig,1,1,3,ih,0.094,0.108
16,SR,1,kick,3,0,3,ih,0.128,0.079
16,SR,1,tug,2,1,3,uh,0.133,0.115
16,SR,1,cub,3,1,1,uh,0.116,0.1
16,SR,1,tub,2,1,1,uh,0.104,0.113
16,SR,1,keg,3,1,3,eh,0.136,0.112
16,SR,1,tib,2,1,1,ih,0.109,0.092
16,SR,1,pat,1,0,2,ae,0.125,0.118
16,SR,1,top,2,0,1,aw,0.126,0.121
16,SR,1,cud,3,1,2,uh,0.145,0.117
16,SR,1,pap,1,0,1,ae,0.145,0.131
16,SR,1,tip,2,0,1,ih,0.118,0.058
16,SR,1,cod,3,1,2,aw,0.117,0.162
16,SR,1,pick,1,0,3,ih,0.091,0.056
16,SR,1,tot,2,0,2,aw,0.139,0.12
16,SR,1,pep,1,0,1,eh,0.131,0.06
16,SR,1,tat,2,0,2,ae,0.133,0.106
16,SR,1,cack,3,0,3,ae,0.193,0.121
16,SR,1,peg,1,1,3,eh,0.115,0.087
16,SR,1,tuck,2,0,3,uh,0.116,0.065
16,SR,1,pop,1,0,1,aw,0.142,0.106
16,SR,1,cup,3,0,1,uh,0.094,0.065
16,SR,1,tech,2,0,3,eh,0.128,0.066
16,SR,1,pad,1,1,2,ae,0.12,0.194
16,SR,1,putt,1,0,2,uh,0.163,0.072
16,SR,1,cut,3,0,2,uh,0.13,0.098
16,SR,1,todd,2,1,2,aw,0.182,0.225
16,SR,1,cot,3,0,2,aw,0.145,0.127
16,SR,1,talk,2,0,3,aw,0.149,0.13
16,SR,1,ted,2,1,2,eh,0.136,0.097
16,SR,1,tut,2,0,2,uh,0.123,0.074
16,SR,1,pug,1,1,3,uh,0.13,0.106
16,SR,1,pot,1,0,2,aw,0.14,0.122
16,SR,1,cop,3,0,1,aw,0.142,0.119
16,SR,1,pit,1,0,2,ih,0.11,0.063
16,SR,1,pod,1,1,2,aw,0.165,0.193
16,SR,1,kid,3,1,2,ih,0.156,0.098
16,SR,1,tog,2,1,3,aw,0.12,0.181
16,SR,1,tag,2,1,3,ae,0.162,0.17
16,SR,1,tack,2,0,3,ae,0.151,0.111
16,SR,1,cab,3,1,1,ae,0.163,0.191
16,SR,1,pock,1,0,3,aw,0.175,0.122
16,SR,1,tad,2,1,2,ae,0.148,0.174
16,SR,1,pub,1,1,1,uh,0.118,0.086
16,SR,1,kit,3,0,2,ih,0.151,0.076
16,SR,1,ped,1,1,2,eh,0.234,0.11
16,SR,1,cap,3,0,1,ae,0.168,0.121
16,SR,1,kip,3,0,1,ih,0.14,0.055
16,SR,1,peck,1,0,3,eh,0.106,0.063
16,SR,1,pet,1,0,2,eh,0.135,0.073
16,SR,1,tab,2,1,1,ae,0.173,0.176
16,SR,1,pog,1,1,3,aw,0.165,0.213
16,SR,1,tap,2,0,1,ae,0.149,0.12
16,SR,1,cad,3,1,2,ae,0.204,0.25
16,SR,1,cob,3,1,1,aw,0.179,0.203
16,SR,2,pack,1,0,3,ae,0.112,0.112
16,SR,2,pup,1,0,1,uh,0.096,0.06
16,SR,2,cat,3,0,2,ae,0.129,0.12
16,SR,2,tup,2,0,1,uh,0.102,0.071
16,SR,2,cog,3,1,3,aw,0.126,0.191
16,SR,2,puck,1,0,3,uh,0.092,0.061
16,SR,2,pig,1,1,3,ih,0.104,0.121
16,SR,2,kick,3,0,3,ih,0.126,0.07
16,SR,2,tug,2,1,3,uh,0.115,0.094
16,SR,2,cub,3,1,1,uh,0.125,0.105
16,SR,2,tub,2,1,1,uh,0.113,0.122
16,SR,2,keg,3,1,3,eh,0.124,0.149
16,SR,2,tib,2,1,1,ih,0.135,0.099
16,SR,2,pat,1,0,2,ae,0.125,0.125
16,SR,2,top,2,0,1,aw,0.15,0.13
16,SR,2,cud,3,1,2,uh,0.135,0.103
16,SR,2,pap,1,0,1,ae,0.121,0.131
16,SR,2,tip,2,0,1,ih,0.112,0.061
16,SR,2,cod,3,1,2,aw,0.126,0.169
16,SR,2,pick,1,0,3,ih,0.094,0.051
16,SR,2,tot,2,0,2,aw,0.13,0.111
16,SR,2,pep,1,0,1,eh,0.103,0.059
16,SR,2,tat,2,0,2,ae,0.127,0.119
16,SR,2,cack,3,0,3,ae,0.122,0.103
16,SR,2,peg,1,1,3,eh,0.104,0.098
16,SR,2,tuck,2,0,3,uh,0.108,0.077
16,SR,2,pop,1,0,1,aw,0.123,0.134
16,SR,2,cup,3,0,1,uh,0.114,0.074
16,SR,2,tech,2,0,3,eh,0.126,0.063
16,SR,2,pad,1,1,2,ae,0.121,0.188
16,SR,2,putt,1,0,2,uh,0.107,0.073
16,SR,2,cut,3,0,2,uh,0.105,0.076
16,SR,2,todd,2,1,2,aw,0.147,0.182
16,SR,2,cot,3,0,2,aw,0.139,0.099
16,SR,2,talk,2,0,3,aw,0.122,0.112
16,SR,2,ted,2,1,2,eh,0.119,0.092
16,SR,2,tut,2,0,2,uh,0.115,0.09
16,SR,2,pug,1,1,3,uh,0.121,0.1
16,SR,2,pot,1,0,2,aw,0.134,0.128
16,SR,2,cop,3,0,1,aw,0.133,0.13
16,SR,2,pit,1,0,2,ih,0.115,0.084
16,SR,2,pod,1,1,2,aw,0.134,0.209
16,SR,2,kid,3,1,2,ih,0.138,0.09
16,SR,2,tog,2,1,3,aw,0.13,0.191
16,SR,2,tag,2,1,3,ae,0.149,0.195
16,SR,2,tack,2,0,3,ae,0.149,0.106
16,SR,2,cab,3,1,1,ae,0.133,0.153
16,SR,2,pock,1,0,3,aw,0.127,0.112
16,SR,2,tad,2,1,2,ae,0.142,0.201
16,SR,2,pub,1,1,1,uh,0.13,0.097
16,SR,2,kit,3,0,2,ih,0.135,0.096
16,SR,2,ped,1,1,2,eh,0.125,0.099
16,SR,2,cap,3,0,1,ae,0.131,0.122
16,SR,2,kip,3,0,1,ih,0.129,0.063
16,SR,2,peck,1,0,3,eh,0.096,0.071
16,SR,2,pet,1,0,2,eh,0.102,0.072
16,SR,2,tab,2,1,1,ae,0.144,0.164
16,SR,2,pog,1,1,3,aw,0.129,0.181
16,SR,2,tap,2,0,1,ae,0.132,0.124
16,SR,2,cad,3,1,2,ae,0.143,0.206
16,SR,2,cob,3,1,1,aw,0.125,0.18
17,VR,1,pack,1,0,3,ae,0.095,0.175
17,VR,1,pup,1,0,1,uh,0.066,0.076
17,VR,1,cat,3,0,2,ae,0.084,0.138
17,VR,1,tup,2,0,1,uh,0.088,0.08
17,VR,1,cog,3,1,3,aw,0.114,0.222
17,VR,1,puck,1,0,3,uh,0.042,0.117
17,VR,1,pig,1,1,3,ih,0.078,0.125
17,VR,1,kick,3,0,3,ih,0.077,0.084
17,VR,1,tug,2,1,3,uh,0.062,0.14
17,VR,1,cub,3,1,1,uh,0.087,0.085
17,VR,1,tub,2,1,1,uh,0.093,0.073
17,VR,1,keg,3,1,3,eh,0.087,0.154
17,VR,1,tib,2,1,1,ih,0.088,0.123
17,VR,1,pat,1,0,2,ae,0.1,0.14
17,VR,1,top,2,0,1,aw,0.084,0.196
17,VR,1,cud,3,1,2,uh,0.114,0.117
17,VR,1,pap,1,0,1,ae,0.072,0.137
17,VR,1,tip,2,0,1,ih,0.054,0.098
17,VR,1,cod,3,1,2,aw,0.098,0.19
17,VR,1,pick,1,0,3,ih,0.037,0.095
17,VR,1,tot,2,0,2,aw,0.088,0.183
17,VR,1,pep,1,0,1,eh,0.05,0.093
17,VR,1,tat,2,0,2,ae,0.106,0.15
17,VR,1,cack,3,0,3,ae,0.109,0.175
17,VR,1,peg,1,1,3,eh,0.077,0.163
17,VR,1,tuck,2,0,3,uh,0.051,0.159
17,VR,1,pop,1,0,1,aw,0.078,0.142
17,VR,1,cup,3,0,1,uh,0.064,0.084
17,VR,1,tech,2,0,3,eh,0.069,0.115
17,VR,1,pad,1,1,2,ae,0.099,0.199
17,VR,1,putt,1,0,2,uh,0.059,0.114
17,VR,1,cut,3,0,2,uh,0.117,0.136
17,VR,1,todd,2,1,2,aw,0.122,0.19
17,VR,1,cot,3,0,2,aw,0.086,0.169
17,VR,1,talk,2,0,3,aw,0.086,0.172
17,VR,1,ted,2,1,2,eh,0.09,0.131
17,VR,1,tut,2,0,2,uh,0.094,0.108
17,VR,1,pug,1,1,3,uh,0.064,0.124
17,VR,1,pot,1,0,2,aw,0.1,0.162
17,VR,1,cop,3,0,1,aw,0.092,0.153
17,VR,1,pit,1,0,2,ih,0.07,0.089
17,VR,1,pod,1,1,2,aw,0.132,0.179
17,VR,1,kid,3,1,2,ih,0.054,0.1
17,VR,1,tog,2,1,3,aw,0.06,0.184
17,VR,1,tag,2,1,3,ae,0.103,0.19
17,VR,1,tack,2,0,3,ae,0.077,0.145
17,VR,1,cab,3,1,1,ae,0.111,0.198
17,VR,1,pock,1,0,3,aw,0.085,0.169
17,VR,1,tad,2,1,2,ae,0.082,0.196
17,VR,1,pub,1,1,1,uh,0.071,0.119
17,VR,1,kit,3,0,2,ih,0.09,0.104
17,VR,1,ped,1,1,2,eh,0.063,0.109
17,VR,1,cap,3,0,1,ae,0.088,0.171
17,VR,1,kip,3,0,1,ih,0.062,0.084
17,VR,1,peck,1,0,3,eh,0.091,0.086
17,VR,1,pet,1,0,2,eh,0.082,0.1
17,VR,1,tab,2,1,1,ae,0.099,0.215
17,VR,1,pog,1,1,3,aw,0.067,0.215
17,VR,1,tap,2,0,1,ae,0.069,0.151
17,VR,1,cad,3,1,2,ae,0.092,0.179
17,VR,1,cob,3,1,1,aw,0.112,0.166
17,VR,2,pack,1,0,3,ae,0.081,0.136
17,VR,2,pup,1,0,1,uh,0.072,0.074
17,VR,2,cat,3,0,2,ae,0.095,0.136
17,VR,2,tup,2,0,1,uh,0.063,0.078
17,VR,2,cog,3,1,3,aw,0.079,0.191
17,VR,2,puck,1,0,3,uh,0.028,0.095
17,VR,2,pig,1,1,3,ih,0.048,0.112
17,VR,2,kick,3,0,3,ih,0.067,0.062
17,VR,2,tug,2,1,3,uh,0.073,0.132
17,VR,2,cub,3,1,1,uh,0.061,0.088
17,VR,2,tub,2,1,1,uh,0.063,0.099
17,VR,2,keg,3,1,3,eh,0.081,0.092
17,VR,2,tib,2,1,1,ih,0.104,0.111
17,VR,2,pat,1,0,2,ae,0.088,0.136
17,VR,2,top,2,0,1,aw,0.118,0.109
17,VR,2,cud,3,1,2,uh,0.079,0.127
17,VR,2,pap,1,0,1,ae,0.056,0.12
17,VR,2,tip,2,0,1,ih,0.051,0.08
17,VR,2,cod,3,1,2,aw,0.087,0.182
17,VR,2,pick,1,0,3,ih,0.061,0.078
17,VR,2,tot,2,0,2,aw,0.085,0.151
17,VR,2,pep,1,0,1,eh,0.049,0.081
17,VR,2,tat,2,0,2,ae,0.082,0.139
17,VR,2,cack,3,0,3,ae,0.081,0.166
17,VR,2,peg,1,1,3,eh,0.069,0.102
17,VR,2,tuck,2,0,3,uh,0.062,0.072
17,VR,2,pop,1,0,1,aw,0.064,0.114
17,VR,2,cup,3,0,1,uh,0.072,0.067
17,VR,2,tech,2,0,3,eh,0.07,0.097
17,VR,2,pad,1,1,2,ae,0.072,0.178
17,VR,2,putt,1,0,2,uh,0.05,0.078
17,VR,2,cut,3,0,2,uh,0.091,0.093
17,VR,2,todd,2,1,2,aw,0.066,0.203
17,VR,2,cot,3,0,2,aw,0.074,0.128
17,VR,2,talk,2,0,3,aw,0.091,0.115
17,VR,2,ted,2,1,2,eh,0.069,0.117
17,VR,2,tut,2,0,2,uh,0.062,0.082
17,VR,2,pug,1,1,3,uh,0.06,0.104
17,VR,2,pot,1,0,2,aw,0.108,0.137
17,VR,2,cop,3,0,1,aw,0.086,0.093
17,VR,2,pit,1,0,2,ih,0.056,0.071
17,VR,2,pod,1,1,2,aw,0.078,0.181
17,VR,2,kid,3,1,2,ih,0.077,0.107
17,VR,2,tog,2,1,3,aw,0.052,0.198
17,VR,2,tag,2,1,3,ae,0.096,0.196
17,VR,2,tack,2,0,3,ae,0.08,0.143
17,VR,2,cab,3,1,1,ae,0.091,0.142
17,VR,2,pock,1,0,3,aw,0.111,0.1
17,VR,2,tad,2,1,2,ae,0.067,0.166
17,VR,2,pub,1,1,1,uh,0.077,0.098
17,VR,2,kit,3,0,2,ih,0.088,0.088
17,VR,2,ped,1,1,2,eh,0.067,0.129
17,VR,2,cap,3,0,1,ae,0.089,0.162
17,VR,2,kip,3,0,1,ih,0.085,0.048
17,VR,2,peck,1,0,3,eh,0.087,0.077
17,VR,2,pet,1,0,2,eh,0.079,0.069
17,VR,2,tab,2,1,1,ae,0.092,0.162
17,VR,2,pog,1,1,3,aw,0.134,0.164
17,VR,2,tap,2,0,1,ae,0.102,0.143
17,VR,2,cad,3,1,2,ae,0.138,0.131
17,VR,2,cob,3,1,1,aw,0.078,0.143
18,SL,1,pack,1,0,3,ae,0.098,0.099
18,SL,1,pup,1,0,1,uh,0.1,0.043
18,SL,1,cat,3,0,2,ae,0.092,0.103
18,SL,1,tup,2,0,1,uh,0.081,0.063
18,SL,1,cog,3,1,3,aw,0.109,0.133
18,SL,1,puck,1,0,3,uh,0.069,0.06
18,SL,1,pig,1,1,3,ih,0.092,0.065
18,SL,1,kick,3,0,3,ih,0.095,0.06
18,SL,1,tug,2,1,3,uh,0.093,0.09
18,SL,1,cub,3,1,1,uh,0.087,0.067
18,SL,1,tub,2,1,1,uh,0.086,0.084
18,SL,1,keg,3,1,3,eh,0.093,0.071
18,SL,1,tib,2,1,1,ih,0.089,0.057
18,SL,1,pat,1,0,2,ae,0.112,0.102
18,SL,1,top,2,0,1,aw,0.103,0.085
18,SL,1,cud,3,1,2,uh,0.096,0.083
18,SL,1,pap,1,0,1,ae,0.096,0.096
18,SL,1,tip,2,0,1,ih,0.077,0.028
18,SL,1,cod,3,1,2,aw,0.085,0.118
18,SL,1,pick,1,0,3,ih,0.057,0.055
18,SL,1,tot,2,0,2,aw,0.081,0.138
18,SL,1,pep,1,0,1,eh,0.07,0.053
18,SL,1,tat,2,0,2,ae,0.093,0.11
18,SL,1,cack,3,0,3,ae,0.111,0.095
18,SL,1,peg,1,1,3,eh,0.096,0.069
18,SL,1,tuck,2,0,3,uh,0.087,0.058
18,SL,1,pop,1,0,1,aw,0.109,0.097
18,SL,1,cup,3,0,1,uh,0.091,0.038
18,SL,1,tech,2,0,3,eh,0.088,0.06
18,SL,1,pad,1,1,2,ae,0.111,0.113
18,SL,1,putt,1,0,2,uh,0.072,0.072
18,SL,1,cut,3,0,2,uh,0.095,0.073
18,SL,1,todd,2,1,2,aw,0.081,0.145
18,SL,1,cot,3,0,2,aw,0.118,0.123
18,SL,1,talk,2,0,3,aw,0.11,0.114
18,SL,1,ted,2,1,2,eh,0.097,0.076
18,SL,1,tut,2,0,2,uh,0.075,0.07
18,SL,1,pug,1,1,3,uh,0.068,0.068
18,SL,1,pot,1,0,2,aw,0.098,0.121
18,SL,1,cop,3,0,1,aw,0.079,0.096
18,SL,1,pit,1,0,2,ih,0.076,0.057
18,SL,1,pod,1,1,2,aw,0.104,0.136
18,SL,1,kid,3,1,2,ih,0.116,0.085
18,SL,1,tog,2,1,3,aw,0.095,0.164
18,SL,1,tag,2,1,3,ae,0.096,0.149
18,SL,1,tack,2,0,3,ae,0.098,0.1
18,SL,1,cab,3,1,1,ae,0.121,0.104
18,SL,1,pock,1,0,3,aw,0.128,0.101
18,SL,1,tad,2,1,2,ae,0.116,0.119
18,SL,1,pub,1,1,1,uh,0.095,0.064
18,SL,1,kit,3,0,2,ih,0.102,0.044
18,SL,1,ped,1,1,2,eh,0.091,0.075
18,SL,1,cap,3,0,1,ae,0.095,0.1
18,SL,1,kip,3,0,1,ih,0.089,0.044
18,SL,1,peck,1,0,3,eh,0.078,0.07
18,SL,1,pet,1,0,2,eh,0.083,0.07
18,SL,1,tab,2,1,1,ae,0.101,0.13
18,SL,1,pog,1,1,3,aw,0.121,0.176
18,SL,1,tap,2,0,1,ae,0.111,0.094
18,SL,1,cad,3,1,2,ae,0.115,0.129
18,SL,1,cob,3,1,1,aw,0.115,0.104